Pick,Round 1,Round 2,Round 3,Round 4,Round 5,Round 6,Round 7,Round 8,Round 9,QBs in Final 9,RBs in Final 9,WRs in Final 9,TEs in Final 9,Average Points
4th,RB,WR,WR,TE,QB,WR,RB,WR,RB,0,3,2,0,80.5
6th,RB,WR,TE,QB,WR,WR,RB,WR,RB,0,3,2,0,80.47166571
6th,RB,WR,WR,TE,QB,WR,RB,WR,RB,0,3,2,0,80.2
4th,RB,RB,TE,WR,QB,WR,WR,WR,WR,0,4,1,0,80.2
9th,RB,RB,TE,QB,WR,WR,WR,WR,WR,0,4,1,0,80.2
9th,RB,WR,TE,QB,WR,RB,WR,RB,WR,0,2,3,0,80.17428429
1st,RB,WR,WR,WR,TE,RB,RB,QB,WR,0,2,3,0,80.13140286
4th,RB,RB,WR,WR,QB,TE,RB,WR,RB,0,1,4,0,80.1
4th,RB,TE,WR,WR,QB,WR,WR,RB,RB,0,3,2,0,80.08773714
4th,RB,TE,WR,QB,WR,WR,RB,WR,RB,0,3,2,0,80.00651714
1st,RB,WR,WR,QB,RB,RB,RB,RB,RB,0,0,3,2,79.9
9th,RB,WR,TE,QB,WR,WR,RB,WR,RB,0,3,2,0,79.89408714
6th,RB,WR,RB,TE,WR,WR,QB,RB,RB,0,1,4,0,79.81815286
9th,RB,WR,TE,QB,WR,WR,WR,RB,RB,0,3,2,0,79.80392
4th,RB,RB,WR,QB,WR,TE,RB,WR,WR,0,3,2,0,79.8
6th,RB,WR,RB,QB,TE,WR,RB,WR,RB,0,2,3,0,79.76471143
6th,RB,TE,WR,QB,WR,WR,WR,RB,RB,0,3,2,0,79.60872429
4th,RB,RB,TE,QB,RB,WR,WR,WR,WR,0,3,2,0,79.6
1st,RB,RB,WR,TE,WR,WR,WR,QB,RB,0,2,2,1,79.6
6th,RB,WR,WR,TE,RB,WR,QB,RB,WR,0,3,2,0,79.57778
4th,RB,TE,WR,RB,QB,WR,RB,WR,RB,0,2,3,0,79.54838571
6th,RB,WR,RB,WR,TE,WR,QB,RB,RB,0,1,4,0,79.54226429
4th,RB,RB,TE,QB,WR,WR,WR,WR,WR,0,4,1,0,79.5
1st,RB,WR,WR,TE,RB,QB,WR,RB,WR,0,3,2,0,79.49523857
6th,RB,WR,WR,RB,TE,WR,QB,WR,RB,0,3,2,0,79.48277429
9th,RB,WR,TE,RB,WR,QB,RB,WR,RB,0,2,3,0,79.46156857
9th,RB,WR,RB,TE,WR,QB,WR,RB,RB,0,3,2,0,79.43954429
4th,RB,TE,WR,WR,QB,WR,RB,RB,WR,0,3,2,0,79.43888857
6th,RB,TE,WR,WR,QB,WR,RB,RB,WR,0,3,2,0,79.42845571
4th,RB,WR,RB,TE,QB,WR,RB,WR,RB,0,2,3,0,79.41155571
1st,RB,WR,RB,TE,WR,QB,WR,WR,RB,0,2,3,0,79.40416143
6th,RB,WR,TE,WR,QB,WR,RB,RB,WR,0,3,2,0,79.33723714
4th,RB,WR,WR,WR,QB,TE,WR,RB,RB,0,3,2,0,79.3
4th,RB,TE,WR,WR,QB,WR,RB,WR,RB,0,2,3,0,79.3
6th,RB,WR,WR,RB,TE,WR,QB,RB,WR,0,3,2,0,79.28320286
4th,RB,WR,RB,QB,TE,WR,RB,WR,RB,0,2,3,0,79.28270714
6th,RB,WR,TE,RB,RB,WR,QB,WR,RB,0,1,4,0,79.20296714
6th,RB,QB,WR,TE,WR,WR,RB,WR,RB,0,3,2,0,79.20273286
4th,RB,TE,WR,QB,RB,WR,RB,RB,WR,0,3,2,0,79.20045429
1st,RB,WR,WR,TE,RB,QB,RB,WR,WR,0,2,3,0,79.19968
6th,RB,WR,RB,QB,TE,WR,WR,WR,RB,0,2,3,0,79.19792571
6th,RB,WR,RB,QB,TE,RB,RB,WR,RB,0,1,4,0,79.19119429
4th,RB,TE,WR,RB,QB,WR,WR,RB,RB,0,2,3,0,79.17211143
6th,RB,WR,TE,RB,QB,WR,RB,WR,RB,0,2,3,0,79.16252857
6th,RB,WR,RB,WR,TE,RB,QB,WR,WR,0,3,2,0,79.15566857
4th,RB,WR,TE,WR,QB,WR,RB,RB,WR,0,3,2,0,79.13431571
1st,RB,WR,RB,TE,WR,QB,RB,WR,WR,0,3,2,0,79.12439429
1st,RB,WR,RB,TE,WR,QB,WR,RB,RB,0,3,2,0,79.12280429
12th,WR,RB,TE,RB,QB,WR,WR,RB,RB,0,2,3,0,79.11608429
6th,RB,WR,RB,TE,QB,WR,WR,RB,WR,0,3,2,0,79.11241143
4th,WR,RB,TE,WR,QB,WR,RB,WR,WR,0,3,1,1,79.1
6th,RB,WR,RB,WR,TE,RB,QB,WR,RB,0,2,3,0,79.1
1st,RB,TE,WR,WR,WR,QB,RB,RB,RB,2,1,2,0,79.1
12th,WR,RB,TE,WR,QB,WR,RB,RB,WR,0,3,2,0,79.08107429
6th,RB,WR,WR,TE,RB,WR,QB,WR,RB,0,3,2,0,79.06567571
6th,RB,TE,WR,QB,WR,WR,RB,WR,RB,0,3,2,0,79.06555571
4th,RB,WR,TE,QB,WR,WR,WR,RB,RB,0,3,2,0,79.04805143
6th,RB,WR,RB,TE,QB,WR,WR,WR,RB,0,2,3,0,79.02797286
6th,RB,TE,WR,WR,QB,RB,WR,WR,RB,0,3,2,0,79.02738571
9th,RB,WR,RB,QB,TE,RB,RB,WR,RB,0,1,4,0,79.01789286
1st,RB,TE,WR,WR,RB,QB,RB,WR,WR,0,2,3,0,79.01190714
4th,RB,WR,WR,TE,RB,QB,RB,RB,WR,0,1,4,0,79.00691714
6th,RB,RB,RB,WR,WR,WR,QB,RB,TE,0,1,3,1,79
4th,RB,TE,WR,WR,WR,QB,RB,RB,RB,2,1,2,0,79
6th,RB,TE,WR,RB,QB,WR,RB,WR,RB,0,2,3,0,78.99507714
4th,WR,RB,TE,WR,QB,WR,RB,RB,WR,0,3,2,0,78.97164143
9th,RB,WR,TE,QB,RB,RB,WR,RB,WR,0,3,2,0,78.96926571
4th,RB,TE,WR,QB,RB,RB,WR,RB,WR,0,3,2,0,78.95857143
6th,RB,WR,RB,TE,QB,RB,RB,WR,RB,0,1,4,0,78.94411714
4th,RB,WR,TE,QB,WR,WR,RB,WR,RB,0,3,2,0,78.93881143
6th,RB,WR,WR,RB,TE,RB,QB,RB,WR,0,1,4,0,78.9364
4th,RB,TE,WR,WR,RB,QB,RB,WR,WR,0,2,3,0,78.91068714
1st,RB,TE,WR,WR,WR,QB,RB,RB,WR,0,2,3,0,78.90434429
1st,RB,WR,WR,TE,QB,WR,RB,WR,RB,0,3,2,0,78.9
9th,RB,RB,QB,TE,WR,WR,WR,WR,WR,0,4,1,0,78.9
6th,RB,WR,WR,RB,WR,RB,QB,TE,WR,0,2,2,1,78.9
6th,RB,WR,RB,TE,WR,RB,QB,RB,WR,0,2,3,0,78.89345286
6th,RB,WR,TE,WR,QB,WR,WR,RB,RB,0,3,2,0,78.89250286
4th,RB,WR,WR,RB,TE,QB,WR,WR,RB,0,3,2,0,78.88165143
1st,RB,WR,WR,TE,RB,QB,WR,WR,RB,0,3,2,0,78.87076143
1st,RB,TE,WR,WR,QB,WR,RB,RB,WR,0,3,2,0,78.85609571
1st,RB,WR,TE,WR,QB,WR,RB,RB,WR,0,3,2,0,78.83522714
1st,RB,WR,TE,QB,WR,WR,RB,WR,RB,0,3,2,0,78.83348143
1st,RB,WR,TE,QB,WR,WR,WR,RB,RB,0,3,2,0,78.83265143
1st,RB,WR,RB,TE,WR,RB,RB,WR,QB,0,0,5,0,78.82554714
1st,RB,WR,RB,WR,TE,RB,RB,WR,QB,0,0,5,0,78.80915286
4th,RB,WR,TE,RB,RB,QB,RB,WR,RB,0,0,5,0,78.80408571
4th,RB,RB,WR,WR,WR,TE,QB,RB,RB,0,2,3,0,78.8
6th,RB,TE,WR,WR,WR,WR,QB,RB,RB,0,3,2,0,78.8
6th,RB,RB,WR,TE,WR,RB,QB,RB,RB,1,0,4,0,78.8
1st,RB,TE,WR,WR,QB,WR,RB,WR,RB,0,2,3,0,78.8
6th,RB,WR,TE,QB,WR,WR,WR,RB,RB,0,3,2,0,78.79822429
1st,RB,TE,WR,WR,QB,RB,WR,WR,RB,0,3,2,0,78.79390429
4th,RB,QB,WR,WR,TE,WR,RB,RB,WR,0,3,2,0,78.78542571
12th,WR,TE,RB,RB,QB,WR,WR,RB,RB,0,2,3,0,78.77270429
4th,RB,WR,TE,QB,RB,WR,RB,RB,WR,0,3,2,0,78.77030857
9th,RB,WR,TE,QB,RB,WR,RB,RB,WR,0,3,2,0,78.76536857
6th,RB,WR,TE,RB,QB,WR,WR,RB,RB,0,2,3,0,78.76461143
1st,RB,TE,WR,WR,QB,WR,WR,RB,RB,0,3,2,0,78.73777429
4th,WR,TE,RB,RB,QB,WR,RB,WR,RB,0,2,3,0,78.73195571
4th,RB,TE,WR,QB,WR,WR,WR,RB,RB,0,3,2,0,78.72652
12th,WR,RB,TE,QB,WR,WR,RB,WR,RB,0,3,2,0,78.72632143
6th,RB,TE,WR,WR,RB,RB,QB,WR,RB,0,2,3,0,78.71159857
1st,RB,WR,TE,RB,QB,WR,WR,RB,RB,0,2,3,0,78.70531714
4th,RB,RB,WR,RB,WR,QB,WR,WR,WR,0,2,1,2,78.7
6th,RB,RB,RB,TE,QB,WR,WR,WR,WR,0,3,2,0,78.7
4th,RB,RB,RB,QB,TE,WR,WR,WR,WR,0,1,4,0,78.7
4th,TE,RB,WR,WR,QB,WR,RB,RB,WR,0,3,2,0,78.7
6th,RB,RB,WR,WR,WR,TE,QB,RB,RB,0,2,3,0,78.7
6th,RB,RB,WR,QB,WR,TE,RB,WR,WR,0,3,2,0,78.7
4th,WR,RB,WR,RB,QB,WR,TE,RB,WR,0,3,2,0,78.7
6th,RB,WR,WR,RB,TE,QB,WR,RB,WR,0,3,2,0,78.7
9th,RB,WR,WR,QB,WR,WR,TE,WR,WR,0,5,0,0,78.7
4th,RB,TE,WR,RB,QB,RB,RB,WR,WR,0,2,3,0,78.69875714
1st,RB,WR,WR,RB,TE,QB,RB,RB,WR,0,1,4,0,78.69565714
1st,RB,WR,TE,WR,WR,RB,WR,RB,QB,0,2,3,0,78.68665
1st,RB,WR,WR,TE,WR,RB,RB,QB,WR,0,2,3,0,78.68219714
6th,RB,TE,WR,RB,QB,WR,WR,RB,RB,0,2,3,0,78.68102857
1st,RB,WR,TE,WR,RB,RB,WR,QB,RB,0,2,3,0,78.67373857
6th,RB,WR,TE,QB,RB,WR,RB,RB,WR,0,3,2,0,78.66701429
6th,RB,TE,WR,RB,RB,WR,QB,WR,RB,0,1,4,0,78.65227286
4th,RB,WR,TE,RB,QB,RB,RB,WR,WR,0,2,3,0,78.64890286
1st,RB,WR,WR,RB,TE,QB,RB,WR,WR,0,2,3,0,78.64671286
1st,RB,TE,WR,WR,WR,RB,WR,RB,QB,0,2,3,0,78.63842429
6th,RB,TE,WR,WR,QB,WR,WR,RB,RB,0,3,2,0,78.63662429
6th,RB,WR,WR,TE,RB,RB,QB,WR,RB,0,1,4,0,78.62590286
1st,RB,WR,RB,QB,TE,WR,WR,RB,WR,0,3,2,0,78.61140714
9th,RB,WR,RB,TE,WR,QB,WR,WR,RB,0,2,3,0,78.60345143
12th,WR,RB,RB,TE,RB,WR,QB,WR,WR,0,3,2,0,78.6
4th,RB,RB,RB,TE,QB,WR,WR,WR,WR,0,3,2,0,78.6
1st,RB,WR,WR,RB,TE,QB,WR,RB,WR,0,3,2,0,78.6
6th,RB,TE,RB,WR,QB,WR,WR,WR,RB,2,2,1,0,78.6
1st,RB,RB,WR,WR,WR,WR,WR,TE,QB,1,2,1,1,78.6
1st,RB,RB,WR,TE,WR,RB,QB,RB,RB,1,0,4,0,78.6
6th,RB,QB,WR,RB,TE,WR,WR,RB,RB,0,2,3,0,78.59720571
6th,RB,WR,RB,TE,QB,WR,RB,WR,RB,0,2,3,0,78.58904571
1st,RB,WR,RB,WR,TE,QB,WR,RB,RB,0,3,2,0,78.58139714
1st,RB,WR,WR,RB,TE,RB,WR,QB,WR,0,2,3,0,78.57989286
6th,RB,WR,RB,QB,TE,WR,WR,RB,WR,0,3,2,0,78.57851143
6th,RB,WR,WR,RB,TE,QB,RB,WR,WR,0,2,3,0,78.57370571
1st,RB,WR,WR,TE,RB,QB,RB,RB,WR,0,1,4,0,78.57340857
1st,RB,WR,RB,TE,QB,WR,WR,RB,WR,0,3,2,0,78.56632571
4th,RB,WR,TE,QB,WR,RB,WR,RB,WR,0,2,3,0,78.56264429
1st,RB,WR,TE,WR,WR,QB,RB,RB,WR,0,2,3,0,78.55915857
1st,RB,TE,WR,QB,WR,WR,RB,WR,RB,0,3,2,0,78.55333
6th,RB,TE,WR,QB,WR,RB,WR,RB,WR,0,2,3,0,78.54168429
6th,RB,WR,WR,RB,TE,RB,QB,WR,RB,0,1,4,0,78.53754
1st,RB,WR,WR,TE,RB,RB,QB,RB,WR,0,1,4,0,78.53042286
4th,RB,TE,WR,RB,WR,QB,RB,WR,RB,0,2,3,0,78.52788429
12th,WR,WR,RB,WR,TE,WR,QB,RB,RB,0,2,3,0,78.52620143
1st,RB,QB,WR,WR,TE,WR,WR,RB,RB,0,3,2,0,78.52467714
9th,RB,WR,TE,RB,QB,RB,RB,WR,WR,0,2,3,0,78.52178857
6th,RB,TE,WR,RB,WR,QB,RB,WR,RB,0,2,3,0,78.52121286
1st,RB,WR,TE,WR,QB,WR,WR,RB,RB,0,3,2,0,78.51903
1st,WR,WR,WR,TE,RB,QB,WR,RB,WR,0,3,2,0,78.51664857
6th,RB,QB,WR,TE,WR,WR,WR,RB,RB,0,3,2,0,78.50965143
1st,RB,WR,TE,WR,QB,RB,WR,WR,RB,0,3,2,0,78.50249571
6th,RB,RB,WR,TE,WR,WR,WR,QB,RB,0,2,2,1,78.5
6th,RB,TE,WR,WR,QB,WR,RB,WR,RB,0,2,3,0,78.5
6th,WR,RB,TE,WR,QB,WR,RB,WR,WR,0,3,1,1,78.5
6th,WR,WR,WR,TE,RB,RB,QB,RB,TE,0,2,2,1,78.5
1st,RB,WR,WR,WR,QB,TE,WR,RB,RB,0,3,2,0,78.5
12th,WR,RB,TE,WR,QB,WR,RB,WR,WR,0,3,1,1,78.5
6th,RB,TE,RB,RB,WR,WR,QB,WR,WR,1,2,2,0,78.5
4th,RB,WR,WR,RB,TE,QB,RB,WR,WR,0,2,3,0,78.48658857
6th,RB,QB,WR,WR,TE,WR,WR,RB,RB,0,3,2,0,78.47944
1st,RB,WR,RB,TE,QB,RB,RB,WR,RB,0,1,4,0,78.47818143
1st,RB,WR,TE,WR,RB,QB,WR,WR,RB,0,2,3,0,78.47036143
4th,RB,WR,TE,RB,QB,WR,RB,WR,RB,0,2,3,0,78.46624286
4th,WR,RB,TE,RB,QB,WR,RB,WR,RB,0,2,3,0,78.45183571
4th,RB,WR,TE,QB,RB,RB,WR,RB,WR,0,3,2,0,78.44501857
6th,RB,WR,RB,WR,TE,QB,RB,WR,WR,0,3,2,0,78.44397571
6th,RB,WR,RB,WR,TE,RB,QB,RB,WR,0,2,3,0,78.42224714
1st,RB,WR,WR,TE,RB,RB,WR,QB,WR,0,2,3,0,78.41102714
9th,RB,WR,RB,QB,TE,RB,WR,RB,RB,0,0,5,0,78.41030429
1st,RB,TE,WR,WR,RB,RB,WR,QB,RB,0,2,3,0,78.41016
6th,RB,WR,WR,RB,TE,QB,RB,RB,WR,0,1,4,0,78.40951286
6th,RB,WR,WR,QB,WR,WR,TE,WR,WR,0,5,0,0,78.4
9th,RB,WR,WR,QB,RB,RB,RB,RB,RB,0,0,3,2,78.4
1st,RB,WR,RB,WR,RB,WR,TE,QB,RB,1,1,2,1,78.4
6th,RB,WR,TE,RB,QB,WR,WR,WR,RB,0,3,2,0,78.4
12th,WR,RB,TE,WR,WR,QB,RB,RB,RB,0,3,2,0,78.4
12th,WR,RB,QB,WR,WR,WR,RB,RB,TE,0,2,2,1,78.4
1st,WR,RB,RB,WR,WR,RB,TE,QB,RB,1,1,2,1,78.4
12th,RB,RB,TE,QB,WR,WR,WR,WR,WR,0,4,1,0,78.4
4th,WR,RB,TE,WR,QB,WR,WR,RB,RB,0,3,2,0,78.39965857
4th,WR,RB,TE,QB,WR,WR,WR,RB,RB,0,3,2,0,78.39895
9th,RB,WR,WR,RB,TE,QB,WR,WR,RB,0,3,2,0,78.38269143
12th,RB,WR,WR,RB,TE,WR,QB,RB,WR,0,3,2,0,78.37671286
9th,RB,WR,RB,QB,TE,WR,RB,WR,RB,0,2,3,0,78.37540571
6th,WR,TE,RB,QB,WR,WR,RB,WR,RB,0,3,2,0,78.36954143
6th,RB,WR,RB,WR,TE,QB,WR,RB,RB,0,3,2,0,78.36938286
4th,RB,WR,RB,TE,QB,WR,WR,RB,WR,0,3,2,0,78.36613714
1st,RB,WR,RB,WR,TE,QB,WR,WR,RB,0,2,3,0,78.36290714
6th,RB,QB,WR,WR,TE,WR,RB,RB,WR,0,3,2,0,78.36113143
9th,RB,WR,WR,TE,RB,QB,WR,RB,WR,0,3,2,0,78.35392857
1st,RB,WR,RB,QB,TE,RB,WR,RB,RB,0,0,5,0,78.35315714
4th,RB,WR,TE,WR,QB,WR,WR,RB,RB,0,3,2,0,78.35298143
9th,RB,WR,TE,RB,WR,QB,WR,RB,WR,0,2,3,0,78.34374571
6th,RB,WR,RB,TE,WR,QB,RB,WR,WR,0,3,2,0,78.33999286
1st,RB,TE,WR,QB,WR,RB,WR,RB,WR,0,2,3,0,78.33887143
6th,RB,WR,WR,TE,RB,QB,WR,RB,WR,0,3,2,0,78.33120143
6th,RB,WR,TE,RB,QB,RB,WR,WR,WR,0,3,2,0,78.32886714
1st,WR,WR,WR,TE,RB,QB,RB,RB,WR,0,2,3,0,78.32725
6th,RB,WR,WR,RB,TE,QB,WR,WR,RB,0,3,2,0,78.32298429
4th,RB,WR,RB,QB,TE,WR,WR,RB,WR,0,3,2,0,78.31617143
12th,WR,RB,TE,WR,QB,WR,WR,RB,RB,0,3,2,0,78.30859
1st,RB,WR,TE,RB,WR,QB,RB,WR,RB,0,2,3,0,78.30592143
1st,WR,WR,TE,WR,WR,WR,RB,QB,RB,1,4,0,0,78.3
12th,RB,RB,QB,TE,WR,WR,WR,WR,WR,0,4,1,0,78.3
1st,WR,WR,WR,WR,RB,RB,RB,QB,TE,0,3,1,1,78.3
4th,RB,WR,WR,RB,TE,QB,WR,RB,WR,0,3,2,0,78.3
4th,WR,WR,RB,QB,RB,TE,RB,RB,RB,0,0,5,0,78.3
6th,RB,WR,WR,WR,WR,WR,QB,WR,TE,0,5,0,0,78.3
12th,WR,TE,RB,RB,WR,WR,WR,QB,RB,0,3,2,0,78.3
1st,WR,RB,WR,WR,RB,QB,TE,RB,RB,0,2,2,1,78.3
4th,WR,RB,TE,QB,RB,WR,WR,WR,RB,1,2,1,1,78.3
12th,RB,RB,TE,WR,QB,WR,WR,WR,WR,0,4,1,0,78.3
6th,WR,WR,WR,RB,TE,RB,QB,WR,RB,0,3,2,0,78.3
6th,RB,TE,WR,RB,QB,RB,RB,WR,WR,0,2,3,0,78.28692857
12th,WR,RB,TE,RB,QB,WR,RB,WR,RB,0,2,3,0,78.28418286
9th,RB,WR,TE,WR,RB,QB,WR,WR,RB,0,2,3,0,78.28259714
1st,RB,WR,WR,RB,TE,QB,WR,WR,RB,0,3,2,0,78.27969857
1st,RB,QB,WR,WR,TE,WR,RB,RB,WR,0,3,2,0,78.27182143
4th,RB,TE,WR,RB,QB,RB,WR,WR,WR,0,3,2,0,78.27042857
6th,WR,WR,RB,TE,QB,WR,RB,WR,RB,0,2,3,0,78.27038
4th,WR,RB,TE,QB,WR,WR,RB,WR,RB,0,3,2,0,78.25837714
1st,RB,QB,WR,TE,WR,RB,WR,RB,WR,0,2,3,0,78.25357286
4th,RB,TE,WR,RB,RB,QB,RB,WR,RB,0,0,5,0,78.24711857
9th,WR,RB,TE,QB,WR,WR,RB,WR,RB,0,3,2,0,78.23876
6th,RB,TE,WR,QB,RB,RB,WR,RB,WR,0,3,2,0,78.23433857
12th,WR,RB,TE,QB,RB,WR,RB,RB,WR,0,3,2,0,78.22607571
4th,RB,WR,RB,TE,QB,RB,WR,RB,RB,0,0,5,0,78.22479714
6th,RB,WR,RB,TE,WR,RB,QB,WR,WR,0,3,2,0,78.22210571
1st,RB,WR,TE,QB,WR,RB,WR,RB,WR,0,2,3,0,78.21036714
4th,RB,WR,RB,WR,TE,QB,RB,WR,WR,0,3,2,0,78.20789
1st,RB,WR,WR,TE,RB,WR,QB,RB,WR,0,3,2,0,78.20641857
6th,WR,WR,RB,RB,QB,WR,RB,WR,RB,0,2,1,2,78.2
4th,RB,WR,WR,QB,WR,WR,TE,WR,WR,0,5,0,0,78.2
9th,WR,WR,WR,QB,RB,RB,TE,TE,RB,0,3,2,0,78.2
4th,RB,TE,RB,WR,WR,QB,RB,WR,RB,0,2,3,0,78.2
6th,RB,RB,QB,TE,WR,WR,WR,WR,WR,0,4,1,0,78.2
6th,RB,RB,TE,WR,QB,WR,WR,WR,WR,0,4,1,0,78.2
9th,WR,RB,TE,WR,WR,QB,RB,RB,RB,0,3,2,0,78.2
1st,WR,WR,WR,WR,WR,TE,RB,RB,QB,0,4,0,1,78.2
6th,RB,WR,TE,RB,QB,RB,RB,WR,WR,0,2,3,0,78.19896571
12th,WR,WR,RB,QB,TE,WR,WR,RB,WR,0,3,2,0,78.19811429
4th,WR,RB,TE,RB,WR,QB,WR,RB,WR,0,2,3,0,78.19664571
1st,WR,WR,RB,TE,QB,WR,RB,WR,RB,0,2,3,0,78.18814714
12th,RB,WR,TE,WR,QB,WR,WR,RB,RB,0,3,2,0,78.18695143
9th,RB,WR,WR,TE,WR,RB,RB,QB,WR,0,2,3,0,78.18676429
1st,WR,WR,RB,TE,QB,RB,WR,RB,RB,0,1,4,0,78.18367286
1st,RB,WR,WR,TE,RB,WR,QB,WR,RB,0,3,2,0,78.18133
4th,WR,TE,RB,RB,QB,WR,WR,RB,RB,0,2,3,0,78.17628429
12th,WR,RB,WR,TE,RB,WR,QB,RB,WR,0,3,2,0,78.17465714
9th,RB,WR,RB,QB,TE,WR,WR,WR,RB,0,2,3,0,78.16982
1st,WR,WR,RB,TE,WR,QB,WR,RB,RB,0,3,2,0,78.16285857
9th,RB,WR,TE,RB,RB,QB,WR,RB,WR,0,2,3,0,78.15905714
6th,RB,QB,WR,RB,TE,WR,RB,WR,RB,0,2,3,0,78.15766429
6th,RB,WR,WR,RB,TE,WR,RB,WR,RB,2,1,2,0,78.15495714
12th,RB,WR,WR,RB,TE,WR,QB,WR,RB,0,3,2,0,78.148
6th,RB,WR,TE,QB,WR,RB,WR,RB,WR,0,2,3,0,78.14652857
4th,RB,WR,TE,WR,RB,QB,RB,WR,WR,0,2,3,0,78.14436857
9th,RB,WR,TE,RB,RB,QB,RB,WR,RB,0,0,5,0,78.13589286
6th,RB,TE,WR,RB,WR,QB,WR,RB,WR,0,2,3,0,78.12431
1st,RB,WR,TE,QB,RB,WR,RB,RB,WR,0,3,2,0,78.12110857
6th,WR,RB,WR,TE,RB,WR,QB,WR,RB,0,3,2,0,78.11245
12th,WR,WR,RB,TE,WR,WR,QB,RB,RB,0,2,3,0,78.10815714
4th,WR,WR,RB,QB,TE,WR,RB,WR,RB,0,2,3,0,78.10740714
12th,RB,TE,WR,RB,QB,WR,WR,RB,RB,0,2,3,0,78.10275
6th,RB,WR,WR,WR,QB,TE,WR,RB,RB,0,3,2,0,78.1
6th,RB,RB,TE,QB,WR,WR,WR,WR,WR,0,4,1,0,78.1
4th,WR,TE,RB,QB,RB,WR,WR,WR,WR,0,4,1,0,78.1
1st,WR,WR,WR,QB,RB,RB,TE,TE,RB,0,3,2,0,78.1
9th,RB,RB,WR,WR,RB,QB,WR,WR,TE,0,2,2,1,78.1
4th,RB,WR,TE,RB,QB,WR,WR,WR,RB,0,3,2,0,78.1
1st,WR,TE,WR,QB,WR,RB,RB,RB,RB,0,2,2,1,78.1
12th,WR,WR,TE,RB,QB,RB,RB,RB,RB,0,2,3,0,78.1
4th,RB,WR,RB,QB,TE,WR,WR,WR,RB,0,2,3,0,78.09920571
12th,WR,TE,RB,WR,QB,WR,RB,RB,WR,0,3,2,0,78.09795571
12th,WR,WR,RB,TE,QB,WR,WR,RB,WR,0,3,2,0,78.09316286
1st,RB,WR,RB,WR,TE,WR,QB,RB,RB,0,1,4,0,78.09214
9th,RB,WR,TE,WR,WR,QB,RB,RB,WR,0,2,3,0,78.09141286
12th,RB,WR,TE,RB,QB,WR,WR,RB,RB,0,2,3,0,78.08940286
4th,RB,QB,WR,WR,RB,TE,RB,WR,WR,0,2,3,0,78.08689429
1st,RB,WR,WR,RB,TE,QB,WR,RB,WR,0,2,3,0,78.08398714
1st,RB,WR,WR,RB,TE,WR,QB,RB,WR,0,3,2,0,78.08123286
4th,WR,TE,RB,QB,WR,WR,WR,RB,RB,0,3,2,0,78.07900571
1st,RB,TE,WR,QB,WR,WR,WR,RB,RB,0,3,2,0,78.07108
4th,RB,TE,WR,RB,RB,QB,WR,RB,WR,0,2,3,0,78.05896143
1st,WR,WR,RB,WR,TE,QB,WR,RB,RB,0,3,2,0,78.05656714
4th,RB,TE,WR,WR,QB,RB,WR,WR,RB,0,3,2,0,78.05140714
4th,RB,WR,WR,TE,RB,WR,QB,RB,WR,0,3,2,0,78.04957143
4th,WR,RB,TE,QB,RB,RB,WR,RB,WR,0,3,2,0,78.04341429
1st,RB,TE,WR,QB,RB,WR,RB,RB,WR,0,3,2,0,78.03038
1st,RB,WR,RB,TE,QB,RB,WR,RB,RB,0,0,5,0,78.0293
4th,RB,WR,WR,TE,RB,QB,RB,WR,WR,0,2,3,0,78.02262286
6th,WR,WR,RB,WR,TE,WR,QB,RB,RB,0,2,3,0,78.01758143
12th,WR,RB,TE,QB,WR,WR,WR,RB,RB,0,3,2,0,78.01326857
12th,WR,WR,RB,TE,WR,RB,QB,RB,WR,0,2,3,0,78.00564857
9th,RB,WR,TE,WR,QB,WR,WR,RB,RB,0,3,2,0,78.00382
6th,WR,TE,RB,QB,RB,WR,RB,RB,WR,0,3,2,0,78.00253714
9th,RB,WR,TE,RB,QB,WR,RB,WR,RB,0,2,3,0,78.00189714
1st,RB,WR,RB,QB,RB,RB,RB,TE,RB,0,0,5,0,78
4th,RB,RB,WR,WR,RB,QB,WR,WR,TE,0,2,2,1,78
6th,RB,RB,QB,RB,WR,WR,WR,WR,WR,0,1,2,2,78
4th,WR,RB,WR,RB,WR,QB,RB,WR,TE,0,3,1,1,78
6th,RB,RB,RB,QB,TE,WR,WR,WR,WR,0,1,4,0,78
1st,RB,WR,WR,RB,WR,RB,QB,TE,WR,0,2,2,1,78
6th,WR,WR,WR,WR,TE,RB,QB,RB,RB,0,4,1,0,78
6th,RB,WR,WR,QB,RB,RB,RB,RB,RB,0,0,3,2,78
1st,RB,RB,WR,WR,RB,QB,WR,WR,TE,0,2,2,1,78
9th,RB,WR,RB,QB,RB,RB,RB,TE,RB,0,0,5,0,78
4th,WR,WR,WR,RB,QB,RB,RB,TE,TE,0,3,2,0,78
4th,RB,QB,WR,RB,WR,TE,RB,WR,RB,0,2,3,0,77.99985429
9th,RB,WR,TE,WR,QB,RB,WR,WR,RB,0,3,2,0,77.99757143
4th,RB,WR,WR,RB,TE,QB,RB,RB,WR,0,1,4,0,77.99722714
6th,RB,QB,WR,RB,WR,WR,WR,RB,RB,0,2,1,2,77.99483429
1st,RB,WR,TE,QB,RB,RB,WR,RB,WR,0,3,2,0,77.99368714
1st,RB,WR,RB,WR,TE,QB,RB,WR,WR,0,3,2,0,77.98474857
4th,RB,WR,TE,RB,RB,WR,QB,WR,RB,0,1,4,0,77.98019571
4th,WR,TE,RB,QB,RB,WR,RB,RB,WR,0,3,2,0,77.97795286
12th,WR,TE,RB,QB,WR,WR,WR,RB,RB,0,3,2,0,77.97436571
1st,RB,TE,WR,WR,RB,QB,WR,WR,RB,0,2,3,0,77.96491429
6th,RB,WR,WR,RB,TE,RB,WR,QB,WR,0,2,3,0,77.96247286
4th,WR,TE,RB,WR,QB,WR,RB,RB,WR,0,3,2,0,77.96201429
12th,RB,WR,RB,TE,QB,WR,RB,WR,RB,0,2,3,0,77.95962
4th,RB,WR,RB,QB,TE,RB,WR,RB,RB,0,0,5,0,77.95929143
12th,WR,RB,WR,QB,WR,WR,RB,RB,RB,0,0,3,2,77.95905571
6th,RB,WR,TE,RB,WR,QB,RB,WR,RB,0,2,3,0,77.95113
1st,RB,WR,RB,QB,TE,WR,RB,WR,RB,0,2,3,0,77.94325143
4th,RB,TE,WR,RB,WR,QB,WR,RB,WR,0,2,3,0,77.94143857
4th,WR,RB,TE,RB,QB,RB,RB,WR,WR,0,2,3,0,77.94059714
1st,RB,TE,WR,WR,RB,RB,QB,WR,RB,0,2,3,0,77.93461143
1st,RB,WR,TE,WR,RB,RB,QB,WR,RB,0,2,3,0,77.93431429
1st,RB,WR,TE,RB,QB,RB,WR,WR,WR,0,3,2,0,77.93415571
6th,WR,RB,TE,RB,QB,WR,RB,WR,RB,0,2,3,0,77.93398143
12th,WR,RB,TE,QB,WR,RB,WR,RB,WR,0,2,3,0,77.92980714
12th,WR,WR,WR,RB,TE,RB,WR,QB,WR,0,3,2,0,77.92850571
6th,RB,WR,WR,RB,TE,QB,WR,RB,WR,0,2,3,0,77.92166857
6th,RB,WR,WR,TE,RB,RB,QB,RB,WR,0,1,4,0,77.92034143
6th,RB,QB,WR,RB,TE,RB,WR,WR,WR,0,3,2,0,77.91736857
6th,WR,TE,RB,RB,QB,WR,RB,WR,RB,0,2,3,0,77.91625
9th,WR,RB,TE,QB,RB,WR,RB,RB,WR,0,3,2,0,77.91285286
1st,RB,WR,TE,RB,QB,RB,RB,WR,WR,0,2,3,0,77.91204
9th,WR,RB,TE,QB,WR,WR,WR,RB,RB,0,3,2,0,77.91113571
12th,WR,RB,TE,QB,RB,RB,WR,RB,WR,0,3,2,0,77.90761714
4th,WR,RB,TE,WR,QB,RB,WR,WR,RB,0,3,2,0,77.90516
9th,RB,WR,WR,TE,RB,QB,WR,WR,RB,0,3,2,0,77.90092571
1st,RB,WR,RB,WR,TE,RB,QB,WR,RB,0,2,3,0,77.9
4th,RB,WR,WR,QB,RB,RB,RB,RB,RB,0,0,3,2,77.9
12th,RB,RB,WR,TE,WR,WR,WR,QB,RB,0,2,2,1,77.9
9th,RB,RB,TE,QB,RB,WR,WR,WR,WR,0,3,2,0,77.9
12th,RB,RB,WR,WR,WR,TE,QB,RB,RB,0,2,3,0,77.9
12th,WR,WR,WR,RB,QB,RB,RB,TE,TE,0,3,2,0,77.9
4th,WR,WR,RB,RB,QB,WR,RB,WR,RB,0,2,1,2,77.9
9th,RB,RB,QB,WR,WR,WR,TE,WR,WR,0,5,0,0,77.9
6th,RB,RB,QB,WR,WR,WR,RB,TE,RB,0,2,3,0,77.9
9th,RB,WR,WR,RB,TE,QB,RB,RB,WR,0,1,4,0,77.89333143
1st,RB,WR,RB,TE,WR,WR,QB,RB,RB,0,1,4,0,77.89266571
1st,WR,TE,RB,QB,WR,WR,WR,RB,RB,0,3,2,0,77.89183143
4th,RB,WR,TE,WR,WR,QB,RB,RB,WR,0,2,3,0,77.88986
12th,WR,RB,WR,TE,RB,WR,QB,WR,RB,0,3,2,0,77.87348286
1st,WR,RB,TE,WR,QB,WR,WR,RB,RB,0,3,2,0,77.87275
1st,RB,WR,WR,RB,TE,RB,QB,WR,RB,0,1,4,0,77.86988286
6th,WR,WR,RB,QB,TE,RB,RB,WR,RB,0,1,4,0,77.86940571
1st,RB,WR,RB,WR,TE,RB,QB,RB,WR,0,2,3,0,77.86206714
1st,RB,TE,WR,QB,RB,RB,WR,RB,WR,0,3,2,0,77.85844857
4th,WR,RB,WR,QB,WR,WR,RB,RB,RB,0,0,3,2,77.85659857
4th,RB,WR,TE,RB,RB,QB,WR,RB,WR,0,2,3,0,77.84844143
12th,WR,RB,TE,RB,RB,WR,QB,WR,RB,0,1,4,0,77.84769
12th,WR,RB,TE,WR,QB,RB,WR,WR,RB,0,3,2,0,77.84659571
12th,WR,WR,RB,QB,TE,WR,RB,WR,RB,0,2,3,0,77.83750429
4th,RB,TE,WR,RB,RB,WR,QB,WR,RB,0,1,4,0,77.82691571
1st,RB,WR,RB,TE,WR,RB,QB,WR,WR,0,3,2,0,77.82569429
4th,RB,WR,RB,TE,WR,QB,RB,WR,WR,0,3,2,0,77.82249
4th,RB,WR,WR,TE,RB,QB,WR,RB,WR,0,3,2,0,77.81922857
4th,RB,WR,RB,WR,TE,QB,WR,RB,RB,0,3,2,0,77.81832857
4th,RB,QB,WR,WR,TE,WR,WR,RB,RB,0,3,2,0,77.81273
4th,RB,TE,WR,WR,WR,QB,RB,RB,WR,0,2,3,0,77.81080143
9th,WR,RB,WR,RB,WR,QB,RB,WR,TE,0,3,1,1,77.8
6th,RB,RB,TE,QB,RB,WR,WR,WR,WR,0,3,2,0,77.8
9th,WR,RB,TE,QB,RB,WR,WR,WR,RB,1,2,1,1,77.8
6th,WR,WR,WR,QB,RB,RB,TE,TE,RB,0,3,2,0,77.8
12th,RB,RB,WR,TE,WR,RB,QB,RB,RB,1,0,4,0,77.8
9th,RB,RB,WR,QB,WR,TE,RB,WR,WR,0,3,2,0,77.8
4th,WR,WR,RB,RB,QB,WR,TE,WR,RB,1,2,2,0,77.8
12th,WR,WR,RB,RB,QB,WR,RB,WR,RB,0,2,1,2,77.8
4th,WR,RB,WR,WR,RB,QB,TE,RB,RB,0,2,2,1,77.8
9th,RB,RB,RB,QB,TE,WR,WR,WR,WR,0,1,4,0,77.8
9th,RB,RB,QB,WR,WR,WR,RB,TE,RB,0,2,3,0,77.8
12th,TE,RB,WR,RB,WR,WR,WR,QB,RB,0,3,2,0,77.8
1st,RB,WR,TE,RB,RB,QB,RB,WR,RB,0,0,5,0,77.79807857
6th,RB,WR,WR,TE,WR,RB,RB,QB,WR,0,2,3,0,77.79175429
6th,RB,WR,TE,WR,RB,RB,QB,WR,RB,0,2,3,0,77.79045429
4th,RB,QB,WR,RB,RB,TE,RB,WR,RB,0,0,5,0,77.78768429
12th,WR,TE,RB,RB,QB,WR,RB,WR,RB,0,2,3,0,77.78676143
1st,WR,WR,WR,TE,RB,QB,RB,WR,WR,0,3,2,0,77.78193857
4th,RB,TE,WR,QB,WR,RB,WR,RB,WR,0,2,3,0,77.78148143
4th,RB,QB,WR,WR,RB,TE,WR,WR,RB,0,2,3,0,77.77682143
12th,WR,WR,RB,TE,QB,WR,RB,WR,RB,0,2,3,0,77.76826429
12th,RB,WR,RB,QB,TE,WR,WR,WR,RB,0,2,3,0,77.76524429
6th,WR,WR,RB,WR,TE,RB,QB,WR,WR,0,3,2,0,77.75736857
6th,WR,WR,WR,RB,TE,RB,QB,RB,WR,0,3,2,0,77.75388429
12th,RB,WR,TE,RB,QB,WR,RB,WR,RB,0,2,3,0,77.74987857
6th,RB,WR,TE,WR,QB,RB,WR,WR,RB,0,3,2,0,77.74979286
1st,RB,WR,WR,RB,TE,WR,QB,WR,RB,0,3,2,0,77.74745429
12th,RB,WR,RB,TE,WR,WR,QB,RB,RB,0,1,4,0,77.74369571
4th,WR,RB,TE,RB,QB,WR,WR,RB,RB,0,2,3,0,77.73963286
4th,RB,WR,TE,RB,WR,QB,RB,WR,RB,0,2,3,0,77.73959
1st,RB,WR,RB,QB,TE,RB,RB,WR,RB,0,1,4,0,77.73701571
1st,WR,WR,WR,RB,TE,QB,RB,RB,WR,0,2,3,0,77.73373714
4th,RB,WR,RB,TE,WR,QB,WR,RB,RB,0,3,2,0,77.73233857
4th,RB,WR,WR,RB,TE,WR,QB,RB,WR,0,3,2,0,77.73043143
6th,RB,WR,RB,TE,QB,RB,WR,RB,RB,0,0,5,0,77.72745286
1st,RB,WR,RB,TE,QB,WR,RB,WR,RB,0,2,3,0,77.72062
1st,WR,WR,RB,WR,TE,RB,RB,WR,QB,0,2,3,0,77.71719
6th,RB,WR,RB,WR,TE,QB,WR,WR,RB,0,2,3,0,77.71359286
4th,WR,TE,RB,QB,WR,WR,RB,WR,RB,0,3,2,0,77.71165714
12th,WR,RB,TE,RB,QB,RB,WR,WR,WR,0,3,2,0,77.71149
1st,RB,WR,RB,QB,TE,WR,WR,WR,RB,0,2,3,0,77.70790571
12th,RB,WR,RB,WR,TE,WR,QB,RB,RB,0,1,4,0,77.70411
4th,RB,WR,WR,TE,RB,QB,WR,WR,RB,0,3,2,0,77.70395
1st,RB,WR,RB,WR,TE,RB,QB,WR,WR,0,3,2,0,77.70012429
9th,RB,RB,WR,TE,WR,WR,WR,QB,RB,0,2,2,1,77.7
12th,WR,TE,WR,QB,WR,RB,RB,RB,RB,0,2,2,1,77.7
1st,WR,WR,WR,WR,QB,RB,TE,RB,RB,0,4,1,0,77.7
4th,WR,RB,TE,WR,WR,QB,RB,RB,RB,0,3,2,0,77.7
9th,RB,RB,QB,RB,WR,WR,WR,WR,WR,0,1,2,2,77.7
4th,RB,TE,WR,WR,WR,WR,QB,RB,RB,0,3,2,0,77.7
4th,RB,TE,RB,WR,QB,WR,WR,WR,RB,2,2,1,0,77.7
1st,WR,RB,TE,WR,WR,QB,RB,RB,RB,0,3,2,0,77.7
1st,RB,RB,TE,QB,RB,WR,WR,WR,WR,0,3,2,0,77.7
12th,RB,RB,RB,WR,WR,WR,QB,RB,TE,0,1,3,1,77.7
6th,WR,RB,RB,TE,RB,WR,QB,WR,WR,0,3,2,0,77.7
12th,RB,TE,WR,WR,WR,WR,QB,RB,RB,0,3,2,0,77.7
6th,WR,RB,WR,RB,WR,QB,RB,WR,TE,0,3,1,1,77.7
1st,WR,WR,WR,TE,RB,RB,QB,RB,TE,0,2,2,1,77.7
1st,RB,TE,WR,WR,WR,WR,QB,RB,RB,0,3,2,0,77.7
4th,RB,RB,QB,RB,WR,WR,WR,WR,WR,0,1,2,2,77.7
4th,WR,WR,WR,QB,RB,RB,TE,TE,RB,0,3,2,0,77.7
12th,WR,RB,WR,RB,QB,WR,TE,RB,WR,0,3,2,0,77.7
1st,RB,RB,WR,WR,QB,TE,RB,WR,RB,0,1,4,0,77.7
1st,WR,WR,RB,TE,QB,WR,WR,RB,WR,0,3,2,0,77.69122286
6th,RB,WR,RB,TE,WR,QB,WR,WR,RB,0,2,3,0,77.68861
6th,WR,TE,RB,WR,QB,WR,RB,RB,WR,0,3,2,0,77.68146714
6th,WR,RB,WR,TE,RB,WR,QB,RB,WR,0,3,2,0,77.67876143
1st,WR,WR,RB,WR,TE,QB,WR,WR,RB,0,3,2,0,77.66730857
6th,WR,TE,RB,RB,QB,WR,WR,RB,RB,0,2,3,0,77.66441714
1st,RB,QB,WR,TE,WR,WR,WR,RB,RB,0,3,2,0,77.66139143
6th,RB,TE,WR,QB,RB,WR,RB,RB,WR,0,3,2,0,77.65885429
4th,WR,TE,RB,WR,RB,QB,RB,WR,WR,0,2,3,0,77.65866714
4th,RB,WR,RB,TE,QB,WR,WR,WR,RB,0,2,3,0,77.65676714
4th,WR,TE,RB,WR,QB,RB,WR,WR,RB,0,3,2,0,77.65597857
4th,WR,RB,TE,QB,RB,WR,RB,RB,WR,0,3,2,0,77.65386571
4th,RB,WR,TE,RB,QB,WR,WR,RB,RB,0,2,3,0,77.65242429
1st,RB,QB,WR,RB,TE,WR,WR,RB,RB,0,2,3,0,77.64641857
6th,WR,WR,RB,QB,TE,WR,WR,RB,WR,0,3,2,0,77.63996429
12th,RB,WR,RB,QB,TE,WR,RB,WR,RB,0,2,3,0,77.63178857
4th,WR,RB,TE,RB,WR,QB,RB,WR,RB,0,2,3,0,77.62519286
1st,RB,WR,TE,RB,WR,QB,WR,RB,WR,0,2,3,0,77.62284429
9th,RB,WR,TE,RB,QB,RB,WR,WR,WR,0,3,2,0,77.61293
12th,WR,RB,TE,RB,QB,RB,RB,WR,WR,0,2,3,0,77.611
6th,WR,WR,RB,QB,TE,WR,RB,WR,RB,0,2,3,0,77.61094857
1st,WR,RB,TE,WR,QB,RB,WR,WR,RB,0,3,2,0,77.60926857
1st,RB,TE,WR,RB,WR,QB,RB,WR,RB,0,2,3,0,77.60902143
1st,RB,WR,RB,TE,QB,WR,WR,WR,RB,0,2,3,0,77.60888286
1st,RB,QB,WR,WR,RB,TE,WR,WR,RB,0,2,3,0,77.60065143
6th,RB,RB,QB,WR,WR,WR,TE,WR,WR,0,5,0,0,77.6
6th,RB,RB,WR,RB,WR,QB,WR,WR,WR,0,2,1,2,77.6
6th,WR,RB,WR,WR,WR,RB,QB,WR,RB,0,2,1,2,77.6
9th,RB,RB,WR,RB,WR,QB,WR,WR,WR,0,2,1,2,77.6
12th,WR,RB,QB,WR,TE,RB,WR,RB,WR,0,3,2,0,77.6
12th,WR,RB,TE,RB,RB,RB,QB,WR,WR,0,2,3,0,77.6
9th,RB,WR,WR,RB,TE,QB,WR,RB,WR,0,3,2,0,77.6
4th,RB,RB,QB,WR,WR,WR,TE,WR,WR,0,5,0,0,77.6
4th,RB,TE,RB,RB,WR,WR,QB,WR,WR,1,2,2,0,77.6
6th,RB,RB,WR,WR,QB,TE,RB,WR,RB,0,1,4,0,77.6
6th,RB,WR,RB,WR,RB,WR,TE,QB,RB,1,1,2,1,77.6
1st,WR,WR,WR,RB,RB,RB,TE,QB,WR,0,3,1,1,77.6
12th,WR,RB,WR,RB,QB,WR,WR,WR,TE,1,2,1,1,77.6
1st,RB,RB,TE,WR,QB,WR,WR,WR,WR,0,4,1,0,77.6
9th,RB,RB,TE,WR,QB,WR,WR,WR,WR,0,4,1,0,77.6
6th,RB,TE,WR,WR,WR,QB,RB,RB,RB,2,1,2,0,77.6
6th,RB,WR,WR,TE,RB,QB,RB,RB,WR,0,1,4,0,77.59341714
6th,WR,WR,RB,TE,WR,WR,QB,RB,RB,0,2,3,0,77.58235714
9th,RB,TE,WR,QB,WR,RB,WR,RB,WR,0,2,3,0,77.57752429
12th,WR,WR,WR,RB,TE,WR,QB,RB,WR,0,3,2,0,77.57426143
4th,RB,WR,RB,TE,WR,WR,QB,RB,RB,0,1,4,0,77.57415571
4th,RB,QB,WR,TE,WR,WR,RB,WR,RB,0,3,2,0,77.57350571
4th,WR,RB,WR,TE,RB,WR,QB,WR,RB,0,3,2,0,77.56836286
4th,WR,WR,RB,QB,TE,RB,WR,RB,RB,0,1,4,0,77.55609714
12th,RB,TE,WR,WR,QB,WR,RB,RB,WR,0,3,2,0,77.55513714
6th,WR,RB,TE,QB,WR,WR,RB,WR,RB,0,3,2,0,77.55471286
12th,WR,WR,RB,TE,QB,WR,WR,WR,RB,0,3,2,0,77.55416429
6th,RB,QB,WR,TE,RB,WR,RB,RB,WR,0,3,2,0,77.55225143
12th,WR,TE,RB,RB,WR,QB,RB,WR,RB,0,2,3,0,77.54816857
12th,WR,RB,TE,RB,WR,QB,WR,RB,WR,0,2,3,0,77.54816286
1st,RB,WR,TE,WR,RB,QB,RB,WR,WR,0,2,3,0,77.54069143
9th,RB,WR,RB,TE,WR,QB,RB,WR,WR,0,3,2,0,77.53701286
1st,WR,WR,RB,QB,TE,WR,WR,RB,WR,0,3,2,0,77.53613571
6th,RB,QB,WR,TE,WR,RB,WR,RB,WR,0,2,3,0,77.52879286
6th,RB,WR,WR,RB,TE,WR,WR,WR,RB,2,2,1,0,77.52631429
1st,WR,WR,RB,TE,WR,QB,RB,WR,WR,0,3,2,0,77.52277714
1st,WR,WR,RB,TE,QB,WR,WR,WR,RB,0,3,2,0,77.51715429
6th,RB,WR,WR,TE,RB,QB,WR,WR,RB,0,3,2,0,77.51549143
12th,RB,WR,RB,TE,QB,WR,WR,RB,WR,0,3,2,0,77.50793429
1st,RB,WR,TE,RB,QB,WR,RB,WR,RB,0,2,3,0,77.50117
1st,WR,WR,RB,RB,QB,WR,RB,WR,RB,0,2,1,2,77.5
6th,RB,TE,RB,WR,WR,QB,RB,WR,RB,0,2,3,0,77.5
1st,WR,WR,WR,WR,TE,RB,QB,RB,RB,0,4,1,0,77.5
6th,WR,TE,WR,QB,WR,RB,RB,RB,RB,0,2,2,1,77.5
1st,RB,RB,TE,QB,WR,WR,WR,WR,WR,0,4,1,0,77.5
12th,RB,RB,QB,WR,WR,WR,RB,TE,RB,0,2,3,0,77.5
12th,RB,TE,RB,WR,QB,WR,WR,WR,RB,2,2,1,0,77.5
1st,WR,WR,WR,RB,QB,RB,RB,TE,TE,0,3,2,0,77.5
12th,WR,RB,RB,WR,WR,RB,TE,QB,RB,1,1,2,1,77.5
1st,RB,RB,RB,WR,WR,RB,WR,QB,TE,0,1,4,0,77.5
12th,WR,WR,RB,WR,TE,RB,QB,RB,WR,0,2,3,0,77.49617571
12th,RB,TE,WR,QB,WR,WR,WR,RB,RB,0,3,2,0,77.49507286
9th,RB,WR,TE,WR,RB,QB,RB,WR,WR,0,2,3,0,77.48838714
6th,WR,RB,TE,WR,QB,WR,RB,RB,WR,0,3,2,0,77.48578
12th,WR,RB,TE,WR,RB,RB,WR,QB,RB,0,2,3,0,77.48051
4th,RB,WR,RB,TE,WR,QB,WR,WR,RB,0,2,3,0,77.47948714
12th,WR,TE,RB,QB,RB,RB,WR,RB,WR,0,3,2,0,77.47621857
6th,RB,TE,WR,WR,WR,QB,RB,RB,WR,0,2,3,0,77.47007286
12th,WR,WR,RB,TE,QB,RB,WR,RB,RB,0,1,4,0,77.46905857
1st,RB,WR,TE,RB,RB,QB,WR,RB,WR,0,2,3,0,77.45707857
12th,WR,WR,RB,WR,TE,RB,QB,WR,WR,0,3,2,0,77.45386429
6th,RB,QB,WR,RB,WR,RB,WR,RB,WR,0,1,2,2,77.45271571
9th,WR,RB,TE,QB,WR,RB,WR,RB,WR,0,2,3,0,77.45114429
1st,RB,TE,WR,RB,RB,QB,WR,RB,WR,0,2,3,0,77.44929
1st,RB,QB,WR,RB,WR,WR,WR,RB,RB,0,2,1,2,77.44639286
1st,WR,WR,RB,QB,TE,RB,WR,RB,RB,0,1,4,0,77.44481857
1st,RB,TE,WR,RB,RB,QB,RB,WR,RB,0,0,5,0,77.44252143
6th,WR,TE,RB,WR,QB,WR,WR,RB,RB,0,3,2,0,77.44093857
12th,RB,WR,WR,TE,RB,WR,QB,RB,WR,0,3,2,0,77.43879286
6th,RB,WR,TE,WR,WR,QB,RB,RB,WR,0,2,3,0,77.43633714
9th,RB,WR,WR,RB,TE,QB,WR,RB,WR,0,2,3,0,77.43510143
6th,RB,QB,WR,WR,TE,RB,WR,WR,RB,0,3,2,0,77.43155
6th,RB,TE,WR,RB,QB,RB,WR,WR,WR,0,3,2,0,77.43115571
9th,RB,TE,WR,QB,WR,WR,WR,RB,RB,0,3,2,0,77.41556286
4th,RB,QB,WR,RB,WR,TE,WR,RB,WR,0,2,3,0,77.41495143
6th,RB,WR,RB,WR,TE,WR,RB,WR,RB,2,1,2,0,77.41429286
9th,RB,WR,RB,WR,TE,QB,WR,WR,RB,0,2,3,0,77.41404286
12th,RB,TE,WR,WR,QB,WR,WR,RB,RB,0,3,2,0,77.41395143
6th,RB,TE,WR,WR,RB,QB,WR,WR,RB,0,2,3,0,77.41183429
1st,RB,WR,WR,TE,RB,RB,QB,WR,RB,0,1,4,0,77.40930143
4th,RB,WR,WR,RB,TE,QB,WR,RB,WR,0,2,3,0,77.40760286
6th,WR,RB,TE,RB,QB,WR,WR,RB,RB,0,2,3,0,77.40374857
1st,RB,QB,WR,TE,WR,WR,RB,WR,RB,0,3,2,0,77.40306
4th,RB,RB,QB,WR,WR,WR,RB,TE,RB,0,2,3,0,77.4
4th,TE,RB,RB,QB,WR,WR,WR,WR,RB,0,2,3,0,77.4
1st,WR,WR,TE,RB,QB,RB,RB,RB,RB,0,2,3,0,77.4
12th,WR,WR,TE,WR,WR,WR,RB,QB,RB,1,4,0,0,77.4
4th,RB,RB,WR,TE,WR,RB,QB,RB,RB,1,0,4,0,77.4
6th,WR,WR,TE,RB,QB,RB,RB,RB,RB,0,2,3,0,77.4
9th,RB,WR,TE,RB,QB,WR,WR,WR,RB,0,3,2,0,77.4
6th,WR,WR,WR,RB,QB,RB,RB,TE,TE,0,3,2,0,77.4
1st,WR,RB,TE,QB,RB,WR,WR,WR,RB,1,2,1,1,77.4
12th,WR,RB,TE,QB,RB,WR,WR,WR,RB,1,2,1,1,77.4
4th,WR,WR,TE,RB,QB,RB,RB,RB,RB,0,2,3,0,77.4
6th,RB,QB,WR,WR,WR,TE,RB,RB,WR,0,2,3,0,77.39998857
9th,RB,TE,WR,QB,WR,WR,RB,WR,RB,0,3,2,0,77.39699714
4th,RB,QB,WR,RB,RB,TE,WR,RB,WR,0,2,3,0,77.38808
4th,RB,WR,RB,TE,QB,RB,RB,WR,RB,0,1,4,0,77.38100429
4th,RB,WR,TE,RB,QB,RB,WR,WR,WR,0,3,2,0,77.37466429
6th,WR,TE,RB,WR,RB,RB,QB,WR,RB,0,2,3,0,77.37075857
1st,RB,QB,WR,WR,WR,RB,WR,RB,TE,0,2,3,0,77.36692857
4th,WR,RB,TE,RB,QB,RB,WR,WR,WR,0,3,2,0,77.36386
6th,WR,WR,RB,TE,QB,RB,RB,WR,RB,0,1,4,0,77.36174
12th,RB,WR,WR,RB,TE,QB,WR,WR,RB,0,3,2,0,77.36076
4th,WR,RB,TE,WR,WR,QB,RB,RB,WR,0,2,3,0,77.36015857
1st,RB,QB,WR,WR,TE,RB,WR,WR,RB,0,3,2,0,77.35767571
12th,WR,WR,RB,QB,TE,WR,WR,WR,RB,0,3,2,0,77.35281571
4th,WR,RB,TE,RB,RB,WR,QB,WR,RB,0,1,4,0,77.34769286
6th,WR,WR,RB,QB,TE,WR,WR,WR,RB,0,3,2,0,77.34655143
1st,RB,TE,WR,RB,QB,RB,WR,WR,WR,0,3,2,0,77.34538714
1st,RB,WR,WR,RB,TE,RB,QB,RB,WR,0,1,4,0,77.34325571
6th,RB,WR,TE,QB,RB,RB,WR,RB,WR,0,3,2,0,77.33986429
4th,RB,QB,WR,TE,RB,WR,RB,RB,WR,0,3,2,0,77.33746143
6th,RB,WR,WR,WR,TE,RB,RB,QB,WR,0,2,3,0,77.32708286
6th,WR,WR,WR,RB,TE,WR,QB,WR,RB,0,3,2,0,77.32330857
4th,WR,TE,RB,QB,RB,RB,WR,RB,WR,0,3,2,0,77.32172
1st,WR,WR,RB,TE,WR,RB,RB,WR,QB,0,2,3,0,77.32115429
1st,WR,RB,TE,QB,WR,WR,RB,WR,RB,0,3,2,0,77.32073571
1st,WR,RB,WR,QB,WR,WR,RB,RB,RB,0,0,3,2,77.32038286
12th,WR,TE,RB,QB,WR,WR,RB,WR,RB,0,3,2,0,77.31835857
6th,RB,WR,WR,TE,RB,QB,RB,WR,WR,0,2,3,0,77.30468714
4th,RB,WR,WR,RB,TE,WR,QB,WR,RB,0,3,2,0,77.30152429
9th,WR,RB,TE,RB,WR,QB,RB,WR,RB,0,2,3,0,77.30096429
1st,RB,RB,RB,WR,WR,WR,QB,RB,TE,0,1,3,1,77.3
12th,RB,WR,WR,RB,WR,RB,QB,TE,WR,0,2,2,1,77.3
12th,WR,WR,WR,RB,TE,RB,QB,WR,RB,0,3,2,0,77.3
1st,RB,RB,WR,WR,WR,TE,QB,RB,RB,0,2,3,0,77.3
1st,WR,WR,RB,RB,TE,QB,RB,RB,WR,0,2,3,0,77.3
6th,WR,WR,TE,WR,WR,WR,RB,QB,RB,1,4,0,0,77.3
12th,WR,WR,WR,RB,RB,RB,TE,QB,WR,0,3,1,1,77.3
4th,WR,WR,RB,RB,TE,QB,RB,RB,WR,0,2,3,0,77.3
1st,RB,TE,RB,WR,WR,QB,RB,WR,RB,0,2,3,0,77.3
4th,RB,RB,QB,TE,WR,WR,WR,WR,WR,0,4,1,0,77.3
1st,WR,RB,TE,RB,WR,QB,RB,WR,RB,0,2,3,0,77.29998857
4th,RB,WR,RB,QB,TE,RB,RB,WR,RB,0,1,4,0,77.29952571
4th,WR,RB,TE,WR,RB,QB,RB,WR,WR,0,2,3,0,77.29790286
4th,RB,QB,WR,WR,WR,TE,RB,RB,WR,0,2,3,0,77.29499714
9th,WR,WR,RB,TE,WR,QB,WR,RB,RB,0,3,2,0,77.28636429
6th,WR,RB,TE,QB,WR,WR,WR,RB,RB,0,3,2,0,77.28508714
12th,WR,WR,WR,RB,TE,RB,QB,WR,RB,0,2,3,0,77.28082857
4th,RB,WR,TE,WR,RB,QB,WR,WR,RB,0,2,3,0,77.28009571
6th,WR,WR,RB,TE,WR,RB,QB,RB,WR,0,2,3,0,77.27694286
12th,WR,TE,RB,RB,WR,QB,WR,RB,WR,0,3,2,0,77.27304143
4th,WR,RB,WR,TE,RB,WR,QB,RB,WR,0,3,2,0,77.2729
1st,RB,QB,WR,RB,TE,WR,RB,WR,RB,0,2,3,0,77.26738286
4th,RB,WR,WR,TE,RB,RB,QB,WR,RB,0,1,4,0,77.26720429
12th,RB,WR,RB,TE,WR,RB,QB,RB,WR,0,2,3,0,77.26479857
9th,RB,WR,TE,RB,WR,RB,WR,RB,WR,2,1,2,0,77.2621
12th,RB,WR,RB,TE,QB,RB,WR,RB,RB,0,0,5,0,77.25479286
1st,WR,WR,RB,QB,TE,RB,RB,WR,RB,0,1,4,0,77.25426286
1st,RB,QB,WR,TE,RB,WR,RB,RB,WR,0,3,2,0,77.25053857
9th,RB,WR,RB,WR,TE,QB,WR,RB,RB,0,3,2,0,77.24347
12th,RB,WR,RB,QB,TE,RB,WR,RB,RB,0,0,5,0,77.23419571
1st,RB,QB,WR,TE,RB,RB,WR,RB,WR,0,3,2,0,77.22840571
1st,WR,WR,RB,TE,QB,RB,RB,WR,RB,0,1,4,0,77.22595714
12th,RB,WR,WR,TE,WR,RB,RB,QB,WR,0,2,3,0,77.22335857
1st,WR,RB,TE,WR,RB,RB,WR,QB,RB,0,2,3,0,77.22117857
4th,RB,QB,WR,RB,TE,WR,WR,RB,RB,0,2,3,0,77.20983714
1st,WR,WR,WR,WR,TE,RB,RB,QB,WR,0,3,2,0,77.20910857
9th,WR,RB,TE,RB,WR,QB,WR,RB,WR,0,2,3,0,77.20859714
6th,RB,WR,TE,WR,RB,QB,RB,WR,WR,0,2,3,0,77.20610857
12th,RB,WR,RB,TE,QB,WR,WR,WR,RB,0,2,3,0,77.20508714
4th,RB,WR,RB,QB,RB,RB,RB,TE,RB,0,0,5,0,77.2
6th,RB,RB,WR,WR,RB,QB,WR,WR,TE,0,2,2,1,77.2
9th,RB,WR,RB,WR,RB,WR,TE,QB,RB,1,1,2,1,77.2
1st,WR,RB,WR,RB,WR,QB,RB,WR,TE,0,3,1,1,77.2
4th,RB,WR,WR,RB,WR,RB,QB,TE,WR,0,2,2,1,77.2
4th,WR,TE,WR,QB,WR,RB,RB,RB,RB,0,2,2,1,77.2
12th,RB,TE,RB,RB,WR,WR,QB,WR,WR,1,2,2,0,77.2
1st,RB,TE,RB,WR,QB,WR,WR,WR,RB,2,2,1,0,77.2
4th,RB,RB,WR,WR,RB,WR,RB,WR,RB,2,0,0,3,77.2
1st,RB,RB,TE,WR,RB,RB,WR,WR,QB,1,2,2,0,77.2
1st,RB,RB,QB,WR,WR,WR,RB,TE,RB,0,2,3,0,77.2
1st,RB,WR,WR,QB,WR,WR,TE,WR,WR,0,5,0,0,77.2
1st,WR,WR,WR,TE,RB,RB,WR,QB,WR,0,3,2,0,77.19812571
1st,WR,TE,RB,WR,WR,RB,WR,RB,QB,0,2,3,0,77.19188143
12th,RB,TE,WR,RB,QB,WR,RB,WR,RB,0,2,3,0,77.19156857
6th,WR,RB,TE,RB,QB,RB,RB,WR,WR,0,2,3,0,77.19053286
4th,WR,TE,RB,RB,QB,RB,WR,WR,WR,0,3,2,0,77.18320571
1st,WR,WR,RB,TE,WR,WR,QB,RB,RB,0,2,3,0,77.18019286
6th,RB,QB,WR,RB,TE,RB,RB,WR,WR,0,2,3,0,77.18004857
12th,WR,TE,RB,WR,QB,WR,WR,RB,RB,0,3,2,0,77.17928143
1st,RB,TE,WR,RB,QB,WR,WR,RB,RB,0,2,3,0,77.17845143
4th,RB,QB,WR,RB,RB,WR,TE,WR,RB,0,1,4,0,77.17500429
1st,WR,TE,RB,QB,WR,WR,RB,WR,RB,0,3,2,0,77.16654429
1st,WR,WR,WR,TE,WR,RB,RB,QB,WR,0,3,2,0,77.16484857
4th,WR,TE,RB,RB,WR,QB,WR,RB,WR,0,3,2,0,77.15930286
6th,WR,QB,WR,RB,TE,WR,RB,WR,RB,0,2,3,0,77.15339857
6th,RB,WR,TE,RB,RB,QB,WR,RB,WR,0,2,3,0,77.15333857
12th,RB,WR,TE,QB,RB,RB,WR,RB,WR,0,3,2,0,77.14617429
12th,RB,WR,TE,WR,QB,WR,RB,RB,WR,0,3,2,0,77.14522429
12th,WR,QB,WR,TE,RB,WR,RB,RB,WR,0,3,2,0,77.14312143
1st,WR,TE,RB,WR,QB,WR,WR,RB,RB,0,3,2,0,77.14036857
4th,WR,TE,RB,RB,QB,RB,RB,WR,WR,0,2,3,0,77.13961286
4th,RB,QB,WR,RB,WR,WR,WR,RB,RB,0,2,1,2,77.13774857
4th,RB,TE,WR,WR,RB,QB,WR,WR,RB,0,2,3,0,77.13476857
4th,RB,RB,RB,TE,RB,QB,WR,WR,TE,0,0,4,1,77.13177857
12th,WR,QB,WR,RB,TE,WR,RB,WR,RB,0,2,3,0,77.13170714
12th,RB,WR,TE,QB,WR,WR,WR,RB,RB,0,3,2,0,77.12580857
4th,WR,TE,RB,QB,WR,RB,WR,RB,WR,0,2,3,0,77.12263
4th,WR,TE,RB,WR,QB,WR,WR,RB,RB,0,3,2,0,77.12087857
12th,WR,TE,RB,RB,QB,RB,RB,WR,WR,0,2,3,0,77.11947286
1st,WR,TE,RB,WR,WR,QB,RB,RB,WR,0,2,3,0,77.11928857
1st,WR,WR,RB,WR,TE,RB,QB,RB,WR,0,2,3,0,77.11751571
12th,RB,WR,TE,RB,RB,WR,QB,WR,RB,0,1,4,0,77.11499857
12th,RB,QB,WR,RB,TE,WR,WR,RB,RB,0,2,3,0,77.11185
12th,WR,QB,WR,TE,WR,WR,RB,WR,RB,0,3,2,0,77.11121
1st,WR,WR,WR,TE,RB,QB,WR,WR,RB,0,3,2,0,77.10757714
1st,WR,WR,RB,WR,TE,QB,RB,WR,WR,0,3,2,0,77.10166571
1st,WR,WR,WR,RB,TE,QB,WR,WR,RB,0,3,2,0,77.10054429
4th,TE,WR,WR,RB,QB,RB,RB,RB,WR,0,3,2,0,77.1
6th,TE,WR,WR,RB,QB,RB,RB,RB,WR,0,3,2,0,77.1
6th,WR,RB,TE,QB,RB,WR,WR,WR,RB,1,2,1,1,77.1
6th,WR,RB,WR,RB,QB,WR,WR,WR,TE,1,2,1,1,77.1
12th,WR,RB,WR,WR,WR,RB,QB,WR,RB,0,2,1,2,77.1
1st,RB,RB,RB,TE,QB,WR,WR,WR,WR,0,3,2,0,77.1
12th,RB,WR,WR,TE,QB,WR,RB,WR,RB,0,3,2,0,77.1
4th,WR,RB,RB,TE,RB,WR,QB,WR,WR,0,3,2,0,77.1
1st,RB,WR,TE,RB,QB,WR,WR,WR,RB,0,3,2,0,77.1
1st,RB,RB,WR,QB,WR,TE,RB,WR,WR,0,3,2,0,77.1
4th,RB,RB,WR,WR,WR,WR,WR,RB,RB,2,1,0,2,77.1
6th,WR,RB,TE,WR,QB,RB,WR,WR,RB,0,3,2,0,77.09925857
6th,WR,WR,WR,RB,TE,QB,RB,WR,WR,0,3,2,0,77.09751857
6th,RB,WR,RB,QB,TE,RB,WR,RB,RB,0,0,5,0,77.09073857
1st,WR,TE,RB,WR,RB,RB,WR,QB,RB,0,2,3,0,77.08855429
1st,WR,RB,TE,WR,WR,RB,WR,RB,QB,0,2,3,0,77.08795286
12th,WR,RB,TE,WR,RB,RB,QB,WR,RB,0,2,3,0,77.07774857
1st,WR,WR,WR,RB,TE,RB,WR,QB,WR,0,3,2,0,77.07625286
12th,WR,WR,WR,RB,TE,RB,QB,RB,WR,0,3,2,0,77.06673143
1st,RB,QB,WR,WR,WR,TE,RB,RB,WR,0,2,3,0,77.06414714
4th,WR,WR,RB,QB,TE,WR,WR,WR,RB,0,3,2,0,77.05933429
6th,WR,RB,TE,WR,QB,WR,WR,RB,RB,0,3,2,0,77.05756286
4th,RB,WR,TE,WR,QB,RB,WR,WR,RB,0,3,2,0,77.05545429
6th,WR,RB,TE,QB,RB,WR,RB,RB,WR,0,3,2,0,77.04859857
6th,RB,WR,RB,TE,WR,QB,WR,RB,RB,0,3,2,0,77.04693714
9th,RB,WR,RB,QB,TE,WR,WR,RB,WR,0,3,2,0,77.04656429
6th,RB,QB,WR,TE,RB,RB,WR,RB,WR,0,3,2,0,77.04436429
6th,WR,WR,RB,TE,WR,QB,WR,RB,RB,0,3,2,0,77.04346714
1st,WR,WR,WR,RB,TE,RB,QB,RB,WR,0,3,2,0,77.04332429
1st,WR,WR,RB,QB,TE,WR,WR,WR,RB,0,3,2,0,77.04318
4th,RB,QB,WR,RB,WR,RB,WR,RB,WR,0,1,2,2,77.04286143
6th,WR,WR,RB,QB,TE,RB,WR,RB,RB,0,1,4,0,77.03635857
4th,WR,RB,TE,RB,RB,QB,WR,RB,WR,0,2,3,0,77.0305
1st,RB,WR,RB,TE,WR,RB,QB,RB,WR,0,2,3,0,77.02348571
6th,WR,TE,RB,RB,RB,WR,QB,WR,RB,0,2,3,0,77.02323429
12th,RB,WR,TE,RB,QB,RB,WR,WR,WR,0,3,2,0,77.02125286
9th,RB,WR,WR,TE,RB,QB,RB,RB,WR,0,1,4,0,77.01985429
1st,RB,TE,WR,RB,QB,RB,RB,WR,WR,0,2,3,0,77.01650857
9th,WR,RB,WR,QB,WR,WR,RB,RB,RB,0,0,3,2,77.01525857
9th,RB,WR,RB,WR,TE,QB,RB,WR,WR,0,3,2,0,77.01306429
6th,WR,WR,RB,TE,WR,QB,RB,WR,WR,0,3,2,0,77.01206
6th,RB,WR,TE,WR,RB,QB,WR,WR,RB,0,2,3,0,77.01195
1st,RB,WR,RB,TE,WR,WR,RB,WR,RB,2,1,2,0,77.01060714
12th,WR,TE,RB,WR,QB,RB,WR,WR,RB,0,3,2,0,77.00992429
1st,WR,WR,WR,TE,RB,RB,QB,WR,RB,0,2,3,0,77.00884857
12th,WR,TE,RB,RB,QB,RB,WR,WR,WR,0,3,2,0,77.00712286
1st,WR,WR,RB,TE,WR,QB,WR,WR,RB,0,3,2,0,77.00477286
12th,RB,WR,WR,WR,QB,TE,WR,RB,RB,0,3,2,0,77
12th,WR,TE,RB,QB,RB,WR,WR,WR,WR,0,4,1,0,77
4th,RB,RB,RB,WR,WR,WR,QB,RB,TE,0,1,3,1,77
12th,WR,WR,WR,WR,TE,RB,QB,RB,RB,0,4,1,0,77
1st,WR,RB,TE,WR,QB,WR,RB,WR,WR,0,3,1,1,77
1st,RB,WR,WR,WR,WR,WR,QB,WR,TE,0,5,0,0,77
1st,WR,RB,WR,RB,TE,WR,RB,WR,QB,0,3,2,0,77
12th,RB,WR,RB,WR,TE,RB,QB,WR,RB,0,2,3,0,77
9th,RB,TE,RB,WR,WR,QB,RB,WR,RB,0,2,3,0,77
1st,WR,WR,WR,RB,TE,RB,QB,WR,RB,0,3,2,0,77
6th,RB,TE,WR,RB,RB,QB,RB,WR,RB,0,0,5,0,76.99523143
1st,WR,TE,RB,QB,WR,RB,WR,RB,WR,0,2,3,0,76.98851429
4th,RB,QB,WR,RB,TE,RB,RB,WR,WR,0,2,3,0,76.98834429
9th,RB,WR,WR,TE,RB,QB,RB,WR,WR,0,2,3,0,76.97181857
12th,RB,WR,RB,QB,TE,WR,WR,RB,WR,0,3,2,0,76.97178571
6th,WR,WR,WR,RB,TE,QB,WR,WR,RB,0,3,2,0,76.96672571
9th,WR,RB,TE,QB,RB,RB,WR,RB,WR,0,3,2,0,76.96409429
4th,RB,WR,RB,TE,WR,RB,QB,RB,WR,0,2,3,0,76.96219286
12th,RB,WR,TE,QB,WR,RB,WR,RB,WR,0,2,3,0,76.95892857
6th,RB,QB,WR,RB,WR,TE,RB,WR,RB,0,2,3,0,76.95140286
12th,WR,WR,WR,TE,WR,RB,RB,QB,WR,0,3,2,0,76.94951857
4th,WR,RB,TE,WR,RB,QB,WR,WR,RB,0,2,3,0,76.94919143
12th,RB,WR,WR,TE,RB,WR,QB,WR,RB,0,3,2,0,76.94856429
12th,WR,RB,TE,WR,WR,QB,RB,RB,WR,0,2,3,0,76.94847714
12th,WR,RB,TE,RB,RB,QB,WR,RB,WR,0,2,3,0,76.94762571
1st,WR,TE,RB,WR,QB,RB,WR,WR,RB,0,3,2,0,76.94548714
1st,WR,WR,WR,TE,RB,RB,QB,RB,WR,0,2,3,0,76.94183857
6th,WR,TE,RB,RB,QB,RB,RB,WR,WR,0,2,3,0,76.93631857
9th,WR,RB,TE,RB,QB,RB,RB,WR,WR,0,2,3,0,76.93563429
6th,WR,WR,RB,TE,QB,RB,WR,RB,RB,0,1,4,0,76.93512286
6th,RB,WR,TE,RB,WR,QB,WR,RB,WR,0,2,3,0,76.92948286
9th,RB,TE,WR,QB,RB,RB,WR,RB,WR,0,3,2,0,76.92317286
4th,WR,WR,RB,WR,TE,QB,RB,WR,WR,0,3,2,0,76.92008286
12th,RB,WR,RB,WR,TE,RB,QB,RB,WR,0,2,3,0,76.91974714
12th,WR,WR,WR,RB,TE,WR,QB,WR,RB,0,3,2,0,76.91834
12th,RB,WR,RB,TE,WR,RB,QB,WR,WR,0,3,2,0,76.91367857
6th,WR,WR,RB,WR,TE,RB,QB,RB,WR,0,2,3,0,76.91352571
9th,RB,WR,TE,RB,QB,WR,WR,RB,RB,0,2,3,0,76.91300429
9th,RB,RB,RB,TE,RB,QB,WR,WR,TE,0,0,4,1,76.91258571
6th,RB,QB,WR,RB,RB,WR,TE,WR,RB,0,1,4,0,76.90029714
4th,WR,RB,WR,WR,WR,RB,QB,WR,RB,0,2,1,2,76.9
12th,WR,RB,WR,RB,WR,QB,RB,WR,TE,0,3,1,1,76.9
12th,RB,WR,TE,RB,QB,WR,WR,WR,RB,0,3,2,0,76.9
6th,RB,RB,WR,WR,WR,WR,WR,RB,RB,2,0,1,2,76.9
6th,RB,WR,RB,QB,RB,RB,RB,TE,RB,0,0,5,0,76.9
9th,RB,WR,WR,TE,QB,WR,RB,WR,RB,0,3,2,0,76.9
12th,WR,RB,WR,RB,RB,TE,WR,QB,WR,0,3,2,0,76.9
6th,WR,RB,TE,WR,WR,QB,RB,RB,RB,0,3,2,0,76.9
4th,WR,WR,RB,RB,RB,QB,RB,RB,RB,0,0,3,2,76.9
4th,WR,RB,QB,WR,WR,WR,RB,RB,TE,0,2,2,1,76.9
6th,WR,RB,TE,RB,RB,RB,QB,WR,WR,0,2,3,0,76.9
4th,WR,RB,WR,RB,QB,WR,WR,WR,TE,1,2,1,1,76.9
1st,WR,WR,RB,QB,RB,TE,RB,RB,RB,0,0,5,0,76.9
1st,WR,RB,RB,TE,RB,WR,QB,WR,WR,0,3,2,0,76.9
1st,WR,TE,WR,WR,WR,RB,RB,RB,QB,1,3,1,0,76.9
4th,WR,WR,WR,WR,QB,RB,TE,RB,RB,0,4,1,0,76.9
12th,RB,RB,RB,QB,TE,WR,WR,WR,WR,0,1,4,0,76.9
6th,WR,WR,WR,TE,RB,RB,QB,WR,RB,0,2,3,0,76.89166143
6th,RB,WR,WR,TE,RB,RB,WR,QB,WR,0,2,3,0,76.88324286
1st,WR,RB,TE,QB,WR,RB,WR,RB,WR,0,2,3,0,76.88154143
12th,RB,WR,WR,RB,TE,RB,WR,QB,WR,0,2,3,0,76.87335286
9th,RB,WR,WR,TE,RB,RB,WR,QB,WR,0,2,3,0,76.87096714
9th,RB,WR,RB,TE,QB,WR,RB,WR,RB,0,2,3,0,76.86745286
4th,WR,WR,RB,WR,TE,QB,WR,RB,RB,0,3,2,0,76.85249143
6th,WR,RB,TE,QB,WR,RB,WR,RB,WR,0,2,3,0,76.84441143
4th,WR,RB,TE,QB,WR,RB,WR,RB,WR,0,2,3,0,76.84346
6th,WR,RB,TE,RB,RB,WR,QB,WR,RB,0,1,4,0,76.84279429
6th,RB,TE,WR,WR,RB,RB,WR,QB,RB,0,2,3,0,76.84161143
1st,WR,RB,TE,WR,RB,QB,WR,WR,RB,0,2,3,0,76.83407571
1st,WR,WR,WR,RB,TE,QB,RB,WR,WR,0,3,2,0,76.82979571
4th,RB,WR,RB,WR,TE,QB,WR,WR,RB,0,2,3,0,76.82489143
1st,RB,WR,TE,RB,RB,WR,QB,WR,RB,0,1,4,0,76.82426429
1st,WR,TE,RB,RB,WR,QB,RB,WR,RB,0,2,3,0,76.82319
12th,WR,WR,RB,TE,WR,QB,WR,RB,RB,0,3,2,0,76.81669429
6th,RB,TE,WR,WR,RB,QB,RB,WR,WR,0,2,3,0,76.81650857
9th,RB,TE,WR,RB,WR,QB,RB,WR,RB,0,2,3,0,76.81134714
1st,WR,TE,RB,RB,QB,WR,WR,RB,RB,0,2,3,0,76.80540571
4th,WR,WR,RB,TE,QB,WR,RB,WR,RB,0,2,3,0,76.80215286
9th,WR,WR,WR,RB,QB,RB,RB,TE,TE,0,3,2,0,76.8
6th,WR,WR,WR,WR,QB,RB,TE,RB,RB,0,4,1,0,76.8
12th,WR,WR,RB,RB,QB,WR,TE,WR,RB,1,2,2,0,76.8
9th,WR,RB,RB,WR,WR,RB,TE,QB,RB,1,1,2,1,76.8
6th,WR,WR,RB,RB,TE,QB,RB,RB,WR,0,2,3,0,76.8
12th,RB,TE,WR,WR,WR,QB,RB,RB,RB,2,1,2,0,76.8
6th,TE,WR,RB,WR,RB,WR,QB,WR,RB,0,3,2,0,76.8
12th,RB,WR,RB,WR,RB,WR,TE,QB,RB,1,1,2,1,76.8
1st,WR,WR,RB,RB,QB,RB,RB,WR,TE,0,2,3,0,76.8
6th,WR,TE,RB,QB,RB,WR,WR,WR,WR,0,4,1,0,76.8
6th,RB,RB,RB,TE,RB,QB,WR,WR,TE,0,0,4,1,76.79835571
1st,WR,WR,RB,WR,TE,WR,QB,RB,RB,0,2,3,0,76.79676286
9th,RB,TE,WR,RB,WR,QB,WR,RB,WR,0,2,3,0,76.79341857
9th,WR,WR,RB,QB,TE,RB,WR,RB,RB,0,1,4,0,76.79228571
4th,RB,TE,WR,WR,RB,RB,QB,WR,RB,0,2,3,0,76.78939571
1st,WR,WR,WR,RB,TE,QB,WR,RB,WR,0,3,2,0,76.78014
6th,RB,TE,WR,RB,RB,QB,WR,RB,WR,0,2,3,0,76.77677714
4th,WR,RB,TE,RB,RB,QB,RB,WR,RB,0,0,5,0,76.77555286
9th,RB,WR,RB,TE,QB,RB,RB,WR,RB,0,1,4,0,76.77255571
9th,RB,WR,RB,TE,QB,WR,WR,WR,RB,0,2,3,0,76.76645143
6th,WR,WR,WR,RB,TE,WR,QB,RB,WR,0,3,2,0,76.76516429
6th,WR,QB,WR,RB,TE,WR,WR,RB,RB,0,2,3,0,76.76361429
6th,WR,WR,WR,RB,TE,QB,RB,RB,WR,0,2,3,0,76.75884429
6th,WR,WR,RB,WR,TE,QB,WR,WR,RB,0,3,2,0,76.75854286
6th,WR,WR,WR,RB,TE,RB,QB,WR,RB,0,2,3,0,76.75414857
6th,WR,WR,RB,TE,QB,WR,WR,RB,WR,0,3,2,0,76.75292286
12th,WR,QB,WR,RB,TE,WR,WR,RB,RB,0,2,3,0,76.74651571
9th,WR,RB,TE,WR,QB,RB,WR,WR,RB,0,3,2,0,76.74174571
6th,WR,WR,RB,TE,WR,RB,QB,WR,WR,0,3,2,0,76.74126857
12th,RB,WR,TE,QB,RB,WR,RB,RB,WR,0,3,2,0,76.73966286
4th,WR,TE,RB,WR,WR,QB,RB,RB,WR,0,2,3,0,76.73762286
12th,RB,TE,WR,RB,QB,RB,WR,WR,WR,0,3,2,0,76.73155143
9th,WR,WR,RB,QB,TE,WR,RB,WR,RB,0,2,3,0,76.73133857
12th,WR,RB,TE,RB,WR,WR,WR,RB,RB,2,2,1,0,76.72835714
4th,RB,WR,WR,TE,RB,WR,QB,WR,RB,0,3,2,0,76.72483143
12th,WR,WR,RB,QB,TE,RB,RB,WR,RB,0,1,4,0,76.72440429
12th,WR,TE,RB,WR,RB,RB,WR,QB,RB,0,2,3,0,76.72367714
4th,WR,WR,RB,TE,QB,RB,WR,RB,RB,0,1,4,0,76.71861429
12th,WR,WR,WR,WR,TE,RB,RB,QB,WR,0,3,2,0,76.71551
1st,RB,QB,WR,WR,RB,RB,TE,WR,RB,0,2,3,0,76.71296714
4th,WR,WR,RB,QB,TE,WR,WR,RB,WR,0,3,2,0,76.70687857
1st,RB,QB,WR,RB,WR,TE,RB,WR,RB,0,2,3,0,76.70514571
6th,WR,TE,RB,QB,WR,WR,WR,RB,RB,0,3,2,0,76.70385857
12th,RB,TE,WR,WR,QB,WR,RB,WR,RB,0,2,3,0,76.7
9th,WR,WR,TE,WR,WR,WR,RB,QB,RB,1,4,0,0,76.7
9th,WR,RB,TE,WR,QB,WR,RB,WR,WR,0,3,1,1,76.7
6th,WR,WR,WR,RB,RB,RB,TE,QB,WR,0,3,1,1,76.7
6th,RB,TE,QB,WR,RB,WR,WR,RB,WR,0,3,2,0,76.7
1st,RB,RB,QB,TE,WR,WR,WR,WR,WR,0,4,1,0,76.7
6th,WR,RB,WR,RB,QB,WR,TE,RB,WR,0,3,2,0,76.7
6th,WR,WR,RB,RB,QB,WR,TE,WR,RB,1,2,2,0,76.7
1st,WR,WR,RB,RB,RB,QB,RB,RB,RB,0,0,3,2,76.7
4th,RB,WR,RB,WR,TE,RB,QB,WR,RB,0,2,3,0,76.7
6th,WR,WR,RB,RB,QB,RB,RB,WR,TE,0,2,3,0,76.7
4th,WR,WR,QB,WR,RB,TE,RB,WR,WR,0,3,1,1,76.7
9th,WR,WR,RB,RB,QB,WR,RB,WR,RB,0,2,1,2,76.7
9th,WR,WR,RB,RB,RB,QB,RB,RB,RB,0,0,3,2,76.7
12th,WR,TE,RB,RB,RB,WR,QB,WR,RB,0,2,3,0,76.69917857
12th,RB,WR,RB,WR,TE,QB,WR,RB,RB,0,3,2,0,76.69623429
4th,RB,WR,TE,WR,RB,RB,QB,WR,RB,0,2,3,0,76.69570429
4th,RB,QB,WR,TE,RB,RB,WR,RB,WR,0,3,2,0,76.69526429
4th,WR,TE,RB,RB,RB,QB,RB,WR,RB,0,1,4,0,76.68760429
4th,WR,TE,RB,RB,RB,QB,WR,RB,WR,0,2,3,0,76.68631
9th,WR,WR,RB,QB,TE,WR,WR,RB,WR,0,3,2,0,76.67672
6th,WR,TE,RB,WR,QB,RB,WR,WR,RB,0,3,2,0,76.67645857
6th,RB,QB,WR,WR,RB,TE,RB,WR,WR,0,2,3,0,76.67022714
6th,RB,WR,WR,TE,RB,WR,RB,WR,RB,2,1,2,0,76.66858571
6th,WR,WR,RB,WR,TE,QB,RB,WR,WR,0,3,2,0,76.66518143
12th,RB,QB,WR,TE,WR,WR,WR,RB,RB,0,3,2,0,76.66445714
1st,WR,WR,RB,WR,TE,RB,QB,WR,WR,0,3,2,0,76.66231
4th,RB,QB,WR,TE,WR,WR,WR,RB,RB,0,3,2,0,76.65684
1st,WR,RB,TE,QB,RB,WR,RB,RB,WR,0,3,2,0,76.64546714
1st,WR,RB,TE,WR,WR,QB,RB,RB,WR,0,2,3,0,76.64436714
12th,WR,TE,RB,QB,WR,RB,WR,RB,WR,0,2,3,0,76.64354286
4th,RB,WR,TE,RB,WR,QB,WR,RB,WR,0,2,3,0,76.64086714
1st,RB,QB,WR,WR,RB,RB,WR,TE,RB,0,2,3,0,76.63773
4th,WR,QB,WR,WR,RB,TE,RB,WR,WR,0,3,2,0,76.63252
4th,WR,WR,RB,TE,QB,WR,WR,WR,RB,0,3,2,0,76.63141571
1st,RB,RB,RB,TE,RB,QB,WR,WR,TE,0,0,4,1,76.62496143
4th,RB,QB,WR,RB,TE,WR,RB,WR,RB,0,2,3,0,76.62480429
6th,RB,WR,TE,RB,RB,QB,RB,WR,RB,0,0,5,0,76.62318429
12th,WR,TE,RB,QB,RB,WR,RB,RB,WR,0,3,2,0,76.61852286
12th,WR,WR,WR,TE,RB,RB,QB,WR,RB,0,2,3,0,76.61280571
6th,WR,TE,RB,QB,RB,RB,WR,RB,WR,0,3,2,0,76.60965429
1st,WR,TE,RB,WR,QB,WR,RB,RB,WR,0,3,2,0,76.60407
4th,WR,WR,RB,TE,WR,QB,RB,WR,WR,0,3,2,0,76.60308286
4th,RB,WR,RB,WR,TE,WR,QB,RB,RB,0,1,4,0,76.60114
4th,WR,WR,WR,RB,TE,QB,RB,WR,WR,0,3,2,0,76.60027571
1st,RB,RB,WR,RB,WR,QB,WR,WR,WR,0,2,1,2,76.6
12th,RB,RB,RB,TE,QB,WR,WR,WR,WR,0,3,2,0,76.6
9th,WR,RB,WR,WR,RB,QB,TE,RB,RB,0,2,2,1,76.6
9th,RB,RB,WR,WR,QB,TE,RB,WR,RB,0,1,4,0,76.6
4th,RB,RB,WR,WR,WR,WR,WR,WR,RB,2,1,0,2,76.6
1st,RB,RB,RB,QB,TE,WR,WR,WR,WR,0,1,4,0,76.6
1st,WR,TE,RB,RB,WR,WR,WR,QB,RB,0,3,2,0,76.6
4th,RB,TE,QB,WR,RB,WR,WR,RB,WR,0,3,2,0,76.6
4th,RB,WR,WR,RB,TE,RB,QB,WR,RB,0,1,4,0,76.59908
9th,WR,WR,RB,QB,TE,WR,WR,WR,RB,0,3,2,0,76.59649429
12th,WR,TE,RB,WR,WR,QB,RB,RB,WR,0,2,3,0,76.59206429
9th,RB,WR,TE,WR,QB,WR,RB,RB,WR,0,3,2,0,76.58746714
1st,RB,TE,WR,RB,QB,WR,RB,WR,RB,0,2,3,0,76.58667429
9th,WR,RB,TE,RB,RB,QB,RB,WR,RB,0,0,5,0,76.58203
1st,WR,WR,RB,TE,WR,RB,QB,WR,WR,0,3,2,0,76.57927429
9th,RB,WR,WR,RB,TE,QB,RB,WR,WR,0,2,3,0,76.57791571
12th,RB,WR,TE,RB,WR,QB,RB,WR,RB,0,2,3,0,76.56784
6th,RB,WR,WR,TE,RB,WR,WR,WR,RB,2,2,1,0,76.56274286
12th,RB,WR,TE,QB,WR,WR,RB,WR,RB,0,3,2,0,76.55369286
9th,RB,WR,WR,WR,TE,RB,RB,QB,WR,0,2,3,0,76.55164143
12th,RB,QB,WR,WR,TE,WR,RB,RB,WR,0,3,2,0,76.54756714
9th,WR,RB,TE,WR,RB,QB,WR,WR,RB,0,2,3,0,76.54626571
12th,RB,QB,WR,TE,WR,WR,RB,WR,RB,0,3,2,0,76.54607143
6th,RB,QB,WR,WR,RB,RB,TE,WR,RB,0,2,3,0,76.54002429
4th,RB,TE,WR,RB,WR,WR,WR,RB,RB,2,2,1,0,76.53927286
6th,WR,TE,RB,RB,WR,QB,WR,RB,WR,0,3,2,0,76.53737286
4th,RB,QB,WR,RB,TE,RB,WR,WR,WR,0,3,2,0,76.53647143
6th,WR,QB,WR,RB,TE,RB,RB,WR,WR,0,2,3,0,76.53171714
1st,WR,RB,TE,QB,WR,WR,WR,RB,RB,0,3,2,0,76.53063286
9th,RB,TE,WR,RB,RB,QB,RB,WR,RB,0,0,5,0,76.51895143
9th,RB,QB,WR,RB,WR,RB,WR,RB,WR,0,1,2,2,76.51852571
1st,WR,TE,RB,WR,RB,QB,WR,WR,RB,0,2,3,0,76.51363571
1st,WR,TE,RB,QB,RB,WR,RB,RB,WR,0,3,2,0,76.51281143
12th,RB,WR,WR,RB,TE,QB,WR,RB,WR,0,2,3,0,76.50597
1st,WR,RB,WR,TE,RB,WR,QB,WR,RB,0,3,2,0,76.50434143
6th,RB,RB,WR,TE,WR,WR,WR,WR,RB,2,2,1,0,76.5
12th,WR,RB,RB,RB,TE,WR,WR,WR,WR,2,2,1,0,76.5
1st,RB,RB,WR,WR,RB,WR,RB,WR,RB,2,0,0,3,76.5
1st,WR,RB,QB,WR,TE,RB,WR,RB,WR,0,3,2,0,76.5
6th,WR,RB,RB,WR,WR,RB,TE,QB,RB,1,1,2,1,76.5
12th,RB,RB,TE,QB,RB,WR,WR,WR,WR,0,3,2,0,76.5
12th,WR,WR,WR,TE,RB,RB,QB,RB,TE,0,2,2,1,76.5
1st,TE,WR,RB,RB,WR,WR,RB,WR,QB,1,2,1,1,76.5
9th,WR,WR,WR,RB,RB,RB,TE,QB,WR,0,3,1,1,76.5
12th,RB,WR,RB,WR,TE,RB,QB,WR,WR,0,3,2,0,76.49993429
1st,RB,QB,WR,RB,TE,RB,RB,WR,WR,0,2,3,0,76.49973143
1st,RB,QB,WR,WR,RB,TE,RB,WR,WR,0,2,3,0,76.49874429
9th,RB,WR,RB,TE,QB,RB,WR,RB,RB,0,0,5,0,76.48881571
6th,WR,RB,TE,WR,WR,QB,RB,RB,WR,0,2,3,0,76.47938571
4th,WR,TE,RB,WR,RB,QB,WR,WR,RB,0,2,3,0,76.47826429
12th,WR,WR,WR,TE,RB,RB,QB,RB,WR,0,2,3,0,76.47583571
12th,RB,TE,WR,QB,WR,RB,WR,RB,WR,0,2,3,0,76.47531
12th,WR,TE,RB,WR,RB,RB,QB,WR,RB,0,2,3,0,76.47290857
12th,RB,WR,TE,WR,QB,RB,WR,WR,RB,0,3,2,0,76.47187571
1st,WR,TE,RB,RB,QB,WR,RB,WR,RB,0,2,3,0,76.47042143
12th,WR,TE,RB,RB,WR,WR,WR,RB,RB,2,2,1,0,76.45421286
1st,WR,RB,TE,QB,RB,RB,WR,RB,WR,0,3,2,0,76.45091286
12th,RB,WR,WR,TE,RB,RB,QB,RB,WR,0,1,4,0,76.45062429
1st,WR,RB,TE,RB,QB,WR,RB,WR,RB,0,2,3,0,76.44886143
12th,WR,WR,WR,RB,TE,QB,RB,RB,WR,0,2,3,0,76.44782429
12th,WR,WR,RB,TE,QB,RB,RB,WR,RB,0,1,4,0,76.44654429
9th,RB,TE,WR,QB,RB,WR,RB,RB,WR,0,3,2,0,76.44346571
6th,WR,TE,RB,WR,WR,QB,RB,RB,WR,0,2,3,0,76.44344143
12th,RB,QB,WR,RB,WR,RB,WR,RB,WR,0,1,2,2,76.44279143
4th,WR,WR,RB,QB,TE,RB,RB,WR,RB,0,1,4,0,76.43848286
6th,WR,TE,RB,RB,RB,QB,RB,WR,RB,0,1,4,0,76.42000286
6th,WR,QB,WR,TE,RB,WR,RB,RB,WR,0,3,2,0,76.41752286
4th,WR,WR,RB,TE,QB,RB,RB,WR,RB,0,1,4,0,76.41420286
12th,WR,RB,TE,RB,WR,QB,RB,WR,RB,0,2,3,0,76.40769429
1st,RB,RB,WR,WR,WR,WR,WR,RB,RB,2,1,0,2,76.4
9th,TE,WR,QB,WR,WR,RB,RB,WR,WR,0,4,1,0,76.4
12th,RB,RB,RB,WR,WR,RB,WR,QB,TE,0,1,4,0,76.4
9th,WR,RB,WR,RB,QB,WR,WR,WR,TE,1,2,1,1,76.4
9th,WR,TE,WR,QB,WR,RB,RB,RB,RB,0,2,2,1,76.4
12th,WR,WR,QB,RB,RB,TE,RB,RB,RB,0,1,4,0,76.4
12th,RB,RB,QB,RB,WR,WR,WR,WR,WR,0,1,2,2,76.4
6th,WR,RB,QB,WR,WR,WR,RB,RB,TE,0,2,2,1,76.4
6th,TE,WR,QB,WR,WR,WR,RB,RB,RB,0,4,1,0,76.4
6th,RB,RB,WR,WR,RB,WR,RB,WR,RB,2,0,0,3,76.4
12th,TE,WR,WR,RB,QB,RB,RB,RB,WR,0,3,2,0,76.4
9th,WR,WR,TE,RB,QB,RB,RB,RB,RB,0,2,3,0,76.4
4th,WR,RB,TE,RB,RB,RB,QB,WR,WR,0,2,3,0,76.4
1st,WR,QB,WR,WR,TE,WR,WR,RB,RB,0,3,2,0,76.39843714
4th,WR,TE,RB,RB,RB,WR,QB,WR,RB,0,2,3,0,76.39767143
12th,WR,WR,RB,TE,WR,RB,QB,WR,WR,0,3,2,0,76.39412857
1st,RB,WR,RB,WR,TE,WR,RB,WR,RB,2,1,2,0,76.39371286
12th,RB,WR,RB,TE,QB,RB,RB,WR,RB,0,1,4,0,76.39119857
4th,RB,WR,WR,RB,TE,RB,QB,RB,WR,0,1,4,0,76.39043714
1st,WR,RB,TE,WR,RB,RB,QB,WR,RB,0,2,3,0,76.38707857
9th,RB,QB,WR,TE,WR,WR,RB,WR,RB,0,3,2,0,76.37851857
12th,WR,WR,RB,WR,TE,QB,WR,RB,RB,0,3,2,0,76.37792857
9th,WR,TE,RB,QB,WR,WR,RB,WR,RB,0,3,2,0,76.37235571
1st,WR,RB,TE,RB,QB,WR,WR,RB,RB,0,2,3,0,76.37186429
4th,WR,WR,RB,TE,WR,QB,WR,RB,RB,0,3,2,0,76.37002
6th,WR,RB,TE,WR,RB,RB,QB,WR,RB,0,2,3,0,76.36922571
1st,WR,RB,TE,WR,RB,QB,RB,WR,WR,0,2,3,0,76.36774857
9th,WR,WR,WR,TE,RB,QB,WR,RB,WR,0,3,2,0,76.36262714
12th,RB,WR,TE,WR,RB,RB,WR,QB,RB,0,2,3,0,76.36052143
9th,WR,RB,TE,WR,RB,QB,RB,WR,WR,0,2,3,0,76.34396429
12th,WR,QB,WR,RB,WR,WR,WR,RB,RB,0,2,1,2,76.34395571
12th,WR,TE,RB,RB,RB,QB,WR,RB,WR,0,2,3,0,76.33934286
12th,RB,WR,RB,TE,WR,QB,WR,RB,RB,0,3,2,0,76.33393571
4th,WR,WR,WR,RB,TE,QB,WR,WR,RB,0,3,2,0,76.33237143
12th,WR,QB,WR,RB,WR,TE,RB,WR,RB,0,2,3,0,76.32855143
6th,WR,WR,WR,RB,TE,RB,WR,QB,WR,0,3,2,0,76.32607571
12th,WR,RB,TE,RB,WR,RB,WR,RB,WR,2,1,2,0,76.31871286
6th,WR,QB,WR,RB,TE,RB,WR,WR,WR,0,3,2,0,76.31695714
4th,WR,TE,RB,WR,RB,RB,QB,WR,RB,0,2,3,0,76.31257
12th,RB,WR,RB,WR,TE,QB,RB,WR,WR,0,3,2,0,76.30866143
1st,WR,QB,WR,TE,WR,WR,RB,WR,RB,0,3,2,0,76.30810429
6th,WR,RB,TE,WR,RB,QB,RB,WR,WR,0,2,3,0,76.30598571
6th,RB,WR,RB,TE,WR,WR,RB,WR,RB,2,1,2,0,76.30465143
12th,WR,WR,RB,TE,WR,QB,RB,WR,WR,0,3,2,0,76.30425857
1st,WR,WR,RB,QB,TE,WR,RB,WR,RB,0,2,3,0,76.30406571
1st,WR,TE,RB,WR,RB,QB,RB,WR,WR,0,2,3,0,76.30082143
12th,RB,QB,WR,TE,RB,WR,RB,RB,WR,0,3,2,0,76.30005286
12th,RB,TE,QB,WR,RB,WR,WR,RB,WR,0,3,2,0,76.3
6th,TE,RB,WR,WR,QB,WR,RB,RB,WR,0,3,2,0,76.3
9th,WR,RB,QB,WR,TE,RB,WR,RB,WR,0,3,2,0,76.3
9th,WR,WR,QB,WR,RB,TE,RB,WR,WR,0,3,1,1,76.3
9th,RB,RB,RB,TE,QB,WR,WR,WR,WR,0,3,2,0,76.3
12th,RB,RB,QB,WR,WR,WR,TE,WR,WR,0,5,0,0,76.3
12th,RB,WR,WR,RB,TE,QB,WR,RB,WR,0,3,2,0,76.3
12th,RB,RB,WR,QB,WR,TE,RB,WR,WR,0,3,2,0,76.3
6th,WR,TE,RB,RB,QB,RB,WR,WR,WR,0,3,2,0,76.29402
6th,WR,RB,TE,RB,RB,QB,RB,WR,RB,0,0,5,0,76.29400571
4th,WR,WR,WR,TE,RB,QB,RB,WR,WR,0,3,2,0,76.28718286
6th,WR,WR,WR,TE,RB,QB,RB,RB,WR,0,2,3,0,76.28474143
4th,RB,WR,WR,TE,RB,RB,QB,RB,WR,0,1,4,0,76.28135143
6th,WR,WR,WR,TE,RB,QB,WR,RB,WR,0,3,2,0,76.27458714
1st,WR,TE,RB,QB,RB,RB,WR,RB,WR,0,3,2,0,76.27044714
6th,RB,WR,TE,WR,RB,RB,WR,QB,RB,0,2,3,0,76.26696286
12th,RB,TE,WR,QB,WR,WR,RB,WR,RB,0,3,2,0,76.26431286
9th,WR,TE,RB,QB,WR,RB,WR,RB,WR,0,2,3,0,76.25531286
1st,RB,TE,WR,RB,WR,QB,WR,RB,WR,0,2,3,0,76.25323286
12th,RB,WR,TE,RB,WR,QB,WR,RB,WR,0,2,3,0,76.25117429
1st,RB,QB,WR,RB,WR,TE,WR,RB,WR,0,2,3,0,76.24552714
9th,RB,TE,WR,WR,QB,WR,RB,RB,WR,0,3,2,0,76.2439
9th,RB,WR,TE,WR,RB,RB,WR,QB,RB,0,2,3,0,76.24299714
12th,RB,WR,RB,TE,WR,QB,RB,WR,WR,0,3,2,0,76.24278429
12th,RB,WR,WR,TE,RB,RB,QB,WR,RB,0,1,4,0,76.24003429
12th,RB,TE,WR,WR,QB,RB,WR,WR,RB,0,3,2,0,76.23893429
6th,WR,WR,WR,TE,WR,RB,RB,QB,WR,0,3,2,0,76.23488714
12th,RB,WR,WR,RB,TE,RB,QB,RB,WR,0,1,4,0,76.23366
12th,RB,WR,TE,WR,WR,QB,RB,RB,WR,0,2,3,0,76.23188286
1st,WR,RB,TE,RB,WR,QB,WR,RB,WR,0,2,3,0,76.21410571
12th,RB,WR,WR,WR,TE,RB,RB,QB,WR,0,2,3,0,76.20978
1st,WR,TE,RB,RB,WR,QB,WR,RB,WR,0,3,2,0,76.20141857
12th,WR,WR,RB,QB,RB,TE,RB,RB,RB,0,0,5,0,76.2
12th,TE,WR,QB,WR,WR,WR,RB,RB,RB,0,4,1,0,76.2
1st,TE,RB,WR,WR,QB,WR,RB,RB,WR,0,3,2,0,76.2
1st,TE,WR,WR,WR,RB,RB,QB,RB,WR,0,3,2,0,76.2
9th,RB,WR,WR,WR,QB,TE,WR,RB,RB,0,3,2,0,76.2
12th,RB,RB,WR,WR,QB,TE,RB,WR,RB,0,1,4,0,76.2
9th,RB,TE,WR,WR,WR,QB,RB,RB,RB,2,1,2,0,76.2
12th,WR,WR,QB,WR,RB,TE,RB,WR,WR,0,3,1,1,76.2
1st,WR,TE,RB,QB,RB,WR,WR,WR,WR,0,4,1,0,76.2
1st,WR,WR,RB,RB,QB,RB,WR,WR,TE,0,3,2,0,76.2
6th,WR,TE,RB,RB,WR,WR,WR,QB,RB,0,3,2,0,76.2
1st,WR,RB,TE,RB,RB,QB,WR,RB,WR,0,2,3,0,76.19949
6th,RB,QB,WR,RB,RB,TE,RB,WR,RB,0,0,5,0,76.19730286
6th,RB,TE,WR,RB,WR,WR,WR,RB,RB,2,2,1,0,76.19566429
12th,WR,RB,TE,WR,RB,QB,RB,WR,WR,0,2,3,0,76.19002286
6th,WR,QB,WR,TE,WR,RB,WR,RB,WR,0,3,2,0,76.18746143
12th,RB,TE,WR,RB,QB,RB,RB,WR,WR,0,2,3,0,76.18667571
1st,WR,RB,WR,TE,RB,WR,QB,RB,WR,0,3,2,0,76.18288143
9th,WR,WR,RB,TE,WR,QB,WR,WR,RB,0,3,2,0,76.18128429
1st,WR,QB,WR,TE,RB,RB,WR,RB,WR,0,3,2,0,76.17702571
1st,WR,TE,RB,RB,QB,RB,RB,WR,WR,0,2,3,0,76.17482857
1st,WR,QB,WR,WR,RB,RB,WR,TE,RB,0,2,3,0,76.17385714
9th,RB,WR,RB,TE,QB,WR,WR,RB,WR,0,3,2,0,76.17381
9th,WR,RB,TE,WR,RB,RB,WR,QB,RB,0,2,3,0,76.17109143
6th,WR,TE,RB,QB,WR,RB,WR,RB,WR,0,2,3,0,76.16389714
12th,WR,WR,RB,TE,WR,QB,WR,WR,RB,0,3,2,0,76.15940857
6th,WR,RB,WR,QB,WR,WR,RB,RB,RB,0,0,3,2,76.15914286
1st,RB,QB,WR,RB,TE,RB,WR,WR,WR,0,3,2,0,76.15290857
12th,WR,WR,RB,QB,TE,RB,WR,RB,RB,0,1,4,0,76.15140286
9th,WR,WR,RB,TE,WR,QB,RB,WR,WR,0,3,2,0,76.14576429
6th,WR,WR,WR,RB,TE,QB,WR,RB,WR,0,3,2,0,76.13485429
4th,RB,WR,TE,RB,WR,WR,WR,RB,RB,2,2,1,0,76.13246714
1st,RB,TE,WR,RB,RB,WR,QB,WR,RB,0,1,4,0,76.13231571
12th,RB,QB,WR,WR,TE,WR,WR,RB,RB,0,3,2,0,76.13186
1st,RB,QB,WR,RB,WR,RB,WR,RB,WR,0,1,2,2,76.13155143
9th,RB,TE,WR,WR,WR,QB,RB,RB,WR,0,2,3,0,76.13150714
4th,WR,WR,WR,RB,TE,QB,WR,RB,WR,0,3,2,0,76.12247286
6th,WR,WR,WR,TE,RB,QB,RB,WR,WR,0,3,2,0,76.12165286
12th,RB,WR,TE,RB,QB,RB,RB,WR,WR,0,2,3,0,76.12066429
12th,RB,TE,WR,QB,RB,WR,RB,RB,WR,0,3,2,0,76.12061143
4th,WR,QB,WR,RB,WR,TE,RB,WR,RB,0,2,3,0,76.12047429
4th,RB,QB,WR,WR,TE,RB,WR,WR,RB,0,3,2,0,76.11998429
12th,RB,TE,WR,WR,RB,RB,QB,WR,RB,0,2,3,0,76.11534571
1st,WR,QB,WR,TE,WR,WR,WR,RB,RB,0,3,2,0,76.11406286
12th,RB,WR,TE,RB,RB,QB,WR,RB,WR,0,2,3,0,76.11043571
6th,WR,WR,WR,TE,RB,RB,QB,RB,WR,0,2,3,0,76.10294714
1st,WR,QB,WR,RB,TE,WR,WR,RB,RB,0,2,3,0,76.10103
1st,WR,WR,RB,RB,QB,WR,TE,WR,RB,1,2,2,0,76.1
9th,WR,RB,QB,WR,WR,WR,RB,RB,TE,0,2,2,1,76.1
1st,RB,TE,RB,RB,WR,WR,QB,WR,WR,1,2,2,0,76.1
4th,RB,RB,RB,WR,WR,WR,WR,WR,RB,2,0,0,3,76.1
12th,WR,WR,RB,RB,TE,QB,RB,RB,WR,0,2,3,0,76.1
4th,WR,WR,RB,RB,QB,RB,WR,WR,TE,0,3,2,0,76.1
9th,RB,RB,WR,WR,WR,WR,WR,RB,RB,2,1,0,2,76.1
1st,TE,WR,WR,RB,QB,RB,RB,RB,WR,0,3,2,0,76.1
6th,RB,RB,WR,WR,WR,WR,WR,WR,RB,2,1,0,2,76.1
6th,TE,WR,WR,WR,RB,RB,QB,RB,WR,0,3,2,0,76.1
1st,TE,WR,QB,WR,WR,WR,RB,RB,RB,0,4,1,0,76.1
4th,RB,RB,WR,TE,WR,WR,WR,WR,RB,2,2,1,0,76.1
6th,WR,WR,RB,TE,QB,WR,WR,WR,RB,0,3,2,0,76.09760714
6th,WR,TE,RB,RB,WR,QB,RB,WR,RB,0,2,3,0,76.09509714
12th,WR,QB,WR,WR,TE,WR,RB,RB,WR,0,3,2,0,76.08998286
6th,RB,WR,TE,RB,WR,WR,WR,RB,RB,2,2,1,0,76.07979
12th,RB,WR,WR,RB,TE,RB,QB,WR,RB,0,1,4,0,76.07835857
1st,WR,QB,WR,TE,RB,WR,RB,RB,WR,0,3,2,0,76.07068286
1st,WR,RB,TE,WR,QB,WR,RB,RB,WR,0,3,2,0,76.06794857
9th,WR,RB,TE,WR,WR,QB,RB,RB,WR,0,2,3,0,76.06514
1st,RB,WR,WR,TE,RB,WR,RB,WR,RB,2,1,2,0,76.06387571
9th,WR,WR,RB,TE,QB,RB,WR,RB,RB,0,1,4,0,76.06332857
12th,WR,TE,RB,WR,RB,QB,RB,WR,WR,0,2,3,0,76.06295714
12th,RB,WR,RB,TE,WR,QB,WR,WR,RB,0,2,3,0,76.06056286
4th,WR,WR,WR,TE,RB,QB,RB,RB,WR,0,2,3,0,76.05695857
9th,WR,WR,RB,QB,TE,RB,RB,WR,RB,0,1,4,0,76.05590286
9th,WR,WR,WR,RB,TE,QB,WR,WR,RB,0,3,2,0,76.05254286
4th,RB,WR,WR,RB,TE,WR,WR,WR,RB,2,2,1,0,76.04950143
12th,RB,WR,WR,TE,RB,RB,WR,QB,WR,0,2,3,0,76.04887286
9th,WR,WR,RB,WR,TE,QB,WR,WR,RB,0,3,2,0,76.04220857
9th,WR,WR,WR,TE,RB,QB,RB,WR,WR,0,3,2,0,76.03895857
1st,WR,WR,RB,TE,WR,RB,QB,RB,WR,0,2,3,0,76.03763714
12th,RB,TE,WR,WR,RB,RB,WR,QB,RB,0,2,3,0,76.03750429
9th,WR,TE,RB,RB,WR,QB,WR,RB,WR,0,3,2,0,76.03394
9th,WR,TE,RB,QB,RB,WR,RB,RB,WR,0,3,2,0,76.03381286
12th,WR,QB,WR,TE,RB,RB,WR,RB,WR,0,3,2,0,76.03325571
4th,WR,WR,WR,RB,TE,QB,RB,RB,WR,0,2,3,0,76.02669857
9th,WR,RB,TE,RB,QB,WR,RB,WR,RB,0,2,3,0,76.02277571
1st,WR,RB,TE,RB,RB,QB,RB,WR,RB,0,0,5,0,76.01941857
9th,WR,RB,TE,RB,QB,RB,WR,WR,WR,0,3,2,0,76.01898714
12th,RB,TE,WR,RB,RB,WR,QB,WR,RB,0,1,4,0,76.01758143
4th,WR,QB,WR,RB,WR,WR,WR,RB,RB,0,2,1,2,76.01745143
1st,WR,TE,RB,WR,RB,RB,QB,WR,RB,0,2,3,0,76.01732286
9th,RB,TE,WR,RB,QB,RB,RB,WR,WR,0,2,3,0,76.01716429
12th,RB,TE,WR,RB,WR,QB,RB,WR,RB,0,2,3,0,76.01290143
1st,WR,TE,RB,RB,QB,RB,WR,WR,WR,0,3,2,0,76.01264714
9th,WR,WR,WR,RB,TE,QB,RB,RB,WR,0,2,3,0,76.00773429
6th,WR,QB,WR,WR,TE,WR,RB,RB,WR,0,3,2,0,76.00716286
12th,WR,RB,TE,WR,RB,QB,WR,WR,RB,0,2,3,0,76.00453
9th,WR,WR,WR,TE,RB,QB,WR,WR,RB,0,3,2,0,76.00068
9th,RB,RB,WR,TE,WR,WR,WR,WR,RB,2,2,1,0,76
1st,RB,RB,QB,WR,WR,WR,TE,WR,WR,0,5,0,0,76
12th,WR,WR,WR,WR,RB,RB,RB,QB,TE,0,3,1,1,76
4th,RB,RB,WR,WR,WR,WR,WR,RB,RB,2,0,1,2,76
1st,RB,RB,WR,WR,WR,WR,WR,RB,RB,2,0,1,2,76
12th,RB,WR,WR,WR,WR,WR,QB,WR,TE,0,5,0,0,76
9th,WR,WR,RB,QB,RB,TE,RB,RB,RB,0,0,5,0,76
12th,WR,WR,RB,RB,QB,RB,RB,WR,TE,0,2,3,0,76
6th,TE,RB,RB,QB,WR,WR,WR,WR,RB,0,2,3,0,76
12th,WR,WR,RB,RB,QB,RB,WR,WR,TE,0,3,2,0,76
9th,RB,RB,WR,WR,WR,WR,WR,RB,RB,2,0,1,2,76
12th,WR,WR,WR,WR,QB,RB,TE,RB,RB,0,4,1,0,76
1st,WR,RB,WR,RB,QB,WR,TE,RB,WR,0,3,2,0,76
6th,WR,WR,QB,WR,RB,TE,RB,WR,WR,0,3,1,1,76
9th,WR,TE,RB,QB,RB,WR,WR,WR,WR,0,4,1,0,76
9th,RB,TE,WR,WR,RB,QB,WR,WR,RB,0,2,3,0,75.99909857
4th,WR,TE,RB,RB,WR,QB,RB,WR,RB,0,2,3,0,75.99734571
12th,WR,QB,WR,TE,WR,WR,WR,RB,RB,0,3,2,0,75.98275857
12th,RB,WR,TE,WR,RB,RB,QB,WR,RB,0,2,3,0,75.97860857
1st,RB,QB,WR,RB,RB,TE,WR,RB,WR,0,2,3,0,75.97793429
4th,RB,WR,WR,TE,RB,WR,WR,WR,RB,2,2,1,0,75.97729286
4th,RB,WR,WR,TE,RB,WR,RB,WR,RB,2,1,2,0,75.97605714
9th,RB,TE,WR,WR,QB,RB,WR,WR,RB,0,3,2,0,75.97538857
12th,RB,WR,RB,QB,TE,RB,RB,WR,RB,0,1,4,0,75.97518286
1st,WR,RB,TE,RB,QB,RB,WR,WR,WR,0,3,2,0,75.96824143
9th,WR,TE,RB,QB,WR,WR,WR,RB,RB,0,3,2,0,75.96755429
1st,WR,QB,WR,RB,TE,WR,RB,WR,RB,0,2,3,0,75.95723
12th,WR,WR,RB,WR,TE,QB,RB,WR,WR,0,3,2,0,75.95669857
9th,WR,WR,WR,TE,RB,QB,RB,RB,WR,0,2,3,0,75.95642571
12th,WR,WR,WR,RB,TE,QB,WR,RB,WR,0,3,2,0,75.94923143
6th,WR,RB,TE,RB,WR,QB,RB,WR,RB,0,2,3,0,75.94119571
9th,RB,QB,WR,RB,TE,WR,RB,WR,RB,0,2,3,0,75.94013
12th,RB,QB,WR,RB,WR,TE,RB,WR,RB,0,2,3,0,75.93886857
4th,RB,WR,RB,WR,TE,RB,QB,RB,WR,0,2,3,0,75.93669429
12th,RB,QB,WR,RB,WR,WR,WR,RB,RB,0,2,1,2,75.93564143
6th,WR,QB,WR,WR,TE,RB,WR,WR,RB,0,3,2,0,75.92615143
6th,WR,WR,RB,TE,WR,QB,WR,WR,RB,0,3,2,0,75.92570143
1st,RB,WR,WR,TE,RB,WR,WR,WR,RB,2,2,1,0,75.92130571
4th,WR,QB,WR,RB,RB,TE,RB,WR,RB,0,1,4,0,75.91943286
6th,WR,QB,WR,RB,WR,TE,RB,WR,RB,0,2,3,0,75.91865
1st,RB,QB,WR,RB,RB,WR,TE,WR,RB,0,1,4,0,75.91252286
12th,RB,QB,WR,WR,TE,RB,WR,WR,RB,0,3,2,0,75.91043714
1st,RB,WR,WR,RB,TE,WR,WR,WR,RB,2,2,1,0,75.90942714
9th,RB,RB,WR,WR,WR,WR,WR,TE,QB,1,2,1,1,75.9
6th,WR,WR,RB,RB,QB,RB,WR,WR,TE,0,3,2,0,75.9
1st,WR,RB,QB,WR,WR,WR,RB,RB,TE,0,2,2,1,75.9
12th,RB,WR,RB,QB,RB,RB,RB,TE,RB,0,0,5,0,75.9
1st,RB,WR,WR,WR,RB,WR,WR,WR,RB,2,1,0,2,75.9
9th,WR,WR,RB,RB,QB,RB,RB,WR,TE,0,2,3,0,75.9
6th,RB,WR,RB,WR,WR,WR,WR,RB,RB,2,1,0,2,75.9
4th,TE,RB,RB,WR,QB,RB,WR,WR,WR,0,3,2,0,75.9
4th,WR,WR,WR,RB,RB,TE,RB,RB,RB,2,1,2,0,75.9
1st,WR,RB,WR,WR,WR,RB,QB,WR,RB,0,2,1,2,75.9
6th,WR,RB,WR,WR,RB,QB,TE,RB,RB,0,2,2,1,75.9
12th,WR,WR,WR,QB,RB,RB,TE,TE,RB,0,3,2,0,75.9
1st,RB,RB,WR,TE,WR,WR,WR,WR,RB,2,2,1,0,75.9
6th,TE,RB,WR,RB,WR,WR,WR,QB,RB,0,3,2,0,75.9
4th,WR,RB,QB,WR,TE,RB,WR,RB,WR,0,3,2,0,75.9
4th,WR,WR,WR,TE,RB,RB,QB,RB,TE,0,2,2,1,75.9
1st,RB,RB,WR,WR,WR,WR,WR,WR,RB,2,1,0,2,75.9
1st,RB,TE,QB,WR,RB,WR,WR,RB,WR,0,3,2,0,75.9
6th,WR,TE,RB,RB,WR,WR,WR,RB,RB,2,2,1,0,75.88420857
1st,WR,QB,WR,WR,TE,RB,WR,WR,RB,0,3,2,0,75.87757429
6th,WR,QB,WR,TE,WR,WR,RB,WR,RB,0,3,2,0,75.87408714
9th,WR,WR,RB,WR,TE,QB,RB,WR,WR,0,3,2,0,75.87351286
6th,WR,WR,RB,WR,TE,QB,WR,RB,RB,0,3,2,0,75.86848143
6th,WR,RB,TE,RB,WR,QB,WR,RB,WR,0,2,3,0,75.86276429
9th,RB,WR,WR,RB,TE,WR,RB,WR,RB,2,1,2,0,75.85664429
1st,RB,WR,TE,RB,WR,WR,WR,RB,RB,2,2,1,0,75.85185429
6th,WR,RB,TE,WR,RB,QB,WR,WR,RB,0,2,3,0,75.84748571
9th,RB,QB,WR,RB,WR,WR,WR,RB,RB,0,2,1,2,75.84550714
4th,WR,QB,WR,WR,RB,TE,WR,WR,RB,0,3,2,0,75.83670286
6th,WR,QB,WR,RB,RB,WR,TE,WR,RB,0,2,3,0,75.82918571
12th,WR,QB,WR,RB,TE,RB,RB,WR,WR,0,2,3,0,75.82202286
12th,RB,RB,RB,TE,RB,QB,WR,WR,TE,0,0,4,1,75.82139
12th,RB,QB,WR,RB,TE,WR,RB,WR,RB,0,2,3,0,75.80916429
12th,RB,QB,WR,RB,TE,RB,WR,WR,WR,0,3,2,0,75.80588
4th,WR,WR,WR,TE,RB,QB,WR,WR,RB,0,3,2,0,75.80485286
4th,RB,WR,RB,WR,TE,WR,RB,WR,RB,2,1,2,0,75.80404714
9th,WR,RB,TE,RB,QB,WR,WR,RB,RB,0,2,3,0,75.80310714
9th,WR,WR,WR,TE,RB,RB,WR,QB,WR,0,3,2,0,75.80178143
9th,RB,RB,RB,WR,WR,WR,WR,WR,RB,2,0,0,3,75.8
1st,RB,WR,RB,WR,WR,WR,WR,RB,RB,2,1,0,2,75.8
9th,WR,WR,WR,WR,RB,RB,RB,QB,TE,0,3,1,1,75.8
9th,WR,WR,RB,RB,WR,RB,WR,TE,RB,2,1,1,1,75.8
6th,RB,RB,RB,WR,WR,RB,WR,QB,TE,0,1,4,0,75.8
9th,RB,TE,QB,WR,RB,WR,WR,RB,WR,0,3,2,0,75.8
12th,TE,RB,RB,WR,QB,RB,WR,WR,WR,0,3,2,0,75.8
1st,WR,RB,WR,RB,QB,WR,WR,WR,TE,1,2,1,1,75.8
4th,WR,WR,RB,RB,QB,RB,RB,WR,TE,0,2,3,0,75.8
12th,WR,RB,WR,WR,RB,QB,TE,RB,RB,0,2,2,1,75.8
12th,WR,RB,WR,RB,WR,RB,WR,RB,TE,2,1,1,1,75.8
6th,WR,RB,TE,RB,QB,RB,WR,WR,WR,0,3,2,0,75.79889
9th,RB,QB,WR,TE,WR,WR,WR,RB,RB,0,3,2,0,75.79392429
4th,WR,WR,RB,TE,QB,WR,WR,RB,WR,0,3,2,0,75.78829429
4th,WR,WR,RB,WR,TE,QB,WR,WR,RB,0,3,2,0,75.78755286
6th,WR,WR,WR,WR,TE,RB,RB,QB,WR,0,3,2,0,75.78057857
6th,RB,QB,WR,RB,WR,TE,WR,RB,WR,0,2,3,0,75.77770714
4th,WR,QB,WR,TE,RB,WR,RB,RB,WR,0,3,2,0,75.77717143
9th,RB,WR,WR,RB,TE,RB,WR,QB,WR,0,2,3,0,75.77580429
6th,WR,QB,WR,RB,WR,WR,WR,RB,RB,0,2,1,2,75.77408429
6th,RB,QB,WR,WR,RB,RB,WR,TE,RB,0,2,3,0,75.77222857
12th,RB,WR,WR,RB,TE,QB,RB,WR,WR,0,2,3,0,75.77170714
6th,RB,QB,WR,WR,RB,TE,WR,WR,RB,0,2,3,0,75.76445286
12th,RB,TE,WR,WR,WR,QB,RB,RB,WR,0,2,3,0,75.76079
1st,RB,TE,WR,RB,WR,RB,WR,RB,WR,2,1,2,0,75.75951429
1st,WR,TE,RB,RB,RB,QB,WR,RB,WR,0,2,3,0,75.75334429
4th,WR,WR,WR,TE,RB,QB,WR,RB,WR,0,3,2,0,75.73985571
9th,RB,WR,RB,TE,WR,WR,RB,WR,RB,2,1,2,0,75.73393714
12th,WR,RB,TE,RB,RB,QB,RB,WR,RB,0,0,5,0,75.72507286
1st,RB,QB,WR,RB,RB,TE,RB,WR,RB,0,0,5,0,75.72284286
4th,RB,QB,WR,WR,RB,RB,TE,WR,RB,0,2,3,0,75.72117857
1st,WR,QB,WR,WR,TE,WR,RB,RB,WR,0,3,2,0,75.71531286
4th,WR,WR,RB,TE,WR,RB,QB,RB,WR,0,2,3,0,75.71492857
1st,WR,QB,WR,RB,WR,RB,WR,RB,WR,0,1,2,2,75.71280429
4th,RB,WR,RB,WR,TE,RB,QB,WR,WR,0,3,2,0,75.71014
6th,RB,QB,WR,WR,WR,RB,WR,RB,TE,0,2,3,0,75.70877
6th,RB,RB,RB,WR,WR,WR,WR,WR,RB,2,0,0,3,75.7
12th,WR,WR,RB,RB,RB,QB,RB,RB,RB,0,0,3,2,75.7
4th,WR,WR,QB,RB,RB,TE,RB,RB,RB,0,1,4,0,75.7
12th,RB,RB,WR,RB,WR,QB,WR,WR,WR,0,2,1,2,75.7
12th,RB,WR,WR,QB,RB,RB,RB,RB,RB,0,0,3,2,75.7
1st,RB,RB,RB,WR,WR,WR,WR,WR,RB,2,0,0,3,75.7
1st,TE,RB,WR,RB,WR,WR,WR,QB,RB,0,3,2,0,75.7
6th,WR,WR,RB,RB,RB,QB,RB,RB,RB,0,0,3,2,75.7
12th,RB,WR,WR,QB,WR,WR,TE,WR,WR,0,5,0,0,75.7
4th,RB,WR,RB,WR,WR,WR,WR,RB,RB,2,1,0,2,75.7
4th,RB,WR,RB,WR,RB,WR,TE,QB,RB,1,1,2,1,75.7
6th,RB,RB,WR,WR,WR,WR,WR,TE,QB,1,2,1,1,75.7
12th,TE,RB,WR,WR,QB,WR,RB,RB,WR,0,3,2,0,75.7
12th,RB,WR,WR,RB,TE,QB,RB,RB,WR,0,1,4,0,75.69850571
9th,WR,WR,WR,RB,TE,QB,RB,WR,WR,0,3,2,0,75.69674143
9th,RB,WR,TE,RB,WR,WR,WR,RB,RB,2,2,1,0,75.68864714
9th,WR,RB,TE,RB,RB,QB,WR,RB,WR,0,2,3,0,75.68524286
4th,WR,WR,RB,TE,WR,QB,WR,WR,RB,0,3,2,0,75.67911143
4th,RB,QB,WR,WR,RB,RB,WR,TE,RB,0,2,3,0,75.67708429
1st,WR,TE,RB,RB,RB,QB,RB,WR,RB,0,1,4,0,75.67496
9th,RB,WR,WR,RB,TE,WR,WR,WR,RB,2,2,1,0,75.67087286
1st,WR,WR,WR,RB,TE,RB,QB,WR,RB,0,2,3,0,75.66857286
6th,WR,QB,WR,RB,RB,TE,RB,WR,RB,0,1,4,0,75.66838143
9th,RB,QB,WR,WR,TE,RB,WR,WR,RB,0,3,2,0,75.66623429
4th,RB,QB,WR,TE,WR,RB,WR,RB,WR,0,2,3,0,75.66510143
4th,WR,QB,WR,RB,TE,WR,WR,RB,RB,0,2,3,0,75.66029571
1st,WR,QB,WR,TE,WR,RB,WR,RB,WR,0,3,2,0,75.65047714
4th,WR,RB,TE,WR,RB,RB,QB,WR,RB,0,2,3,0,75.64206
1st,WR,QB,WR,RB,WR,WR,WR,RB,RB,0,2,1,2,75.64183143
1st,WR,QB,WR,WR,RB,RB,TE,WR,RB,0,2,3,0,75.64089571
4th,WR,QB,WR,RB,RB,TE,WR,RB,WR,0,2,3,0,75.62464429
9th,RB,QB,WR,WR,WR,RB,WR,RB,TE,0,2,3,0,75.61986714
9th,RB,TE,WR,WR,RB,QB,RB,WR,WR,0,2,3,0,75.61726857
12th,WR,WR,WR,RB,TE,QB,RB,WR,WR,0,3,2,0,75.61708
9th,WR,RB,TE,WR,QB,WR,WR,RB,RB,0,3,2,0,75.61671143
9th,WR,WR,RB,WR,TE,QB,WR,RB,RB,0,3,2,0,75.61428429
9th,RB,WR,RB,WR,WR,WR,WR,RB,RB,2,1,0,2,75.6
9th,WR,WR,RB,RB,TE,QB,RB,RB,WR,0,2,3,0,75.6
9th,WR,WR,QB,RB,RB,TE,RB,RB,RB,0,1,4,0,75.6
1st,RB,RB,QB,RB,WR,WR,WR,WR,WR,0,1,2,2,75.6
9th,RB,RB,WR,WR,RB,WR,RB,WR,RB,2,0,0,3,75.6
1st,WR,QB,WR,WR,RB,TE,WR,WR,RB,0,3,2,0,75.59948
1st,WR,TE,RB,RB,RB,WR,QB,WR,RB,0,2,3,0,75.58706571
12th,RB,WR,WR,TE,RB,QB,RB,WR,WR,0,2,3,0,75.58586857
4th,RB,WR,WR,RB,TE,WR,RB,WR,RB,2,1,2,0,75.58522857
12th,WR,WR,WR,RB,TE,QB,WR,WR,RB,0,3,2,0,75.58432714
6th,WR,QB,WR,WR,WR,TE,RB,RB,WR,0,3,2,0,75.58018286
12th,RB,QB,WR,WR,WR,TE,RB,RB,WR,0,2,3,0,75.57743429
9th,RB,WR,WR,TE,RB,WR,WR,WR,RB,2,2,1,0,75.55451714
6th,RB,WR,TE,RB,WR,RB,WR,RB,WR,2,1,2,0,75.5388
4th,RB,WR,RB,TE,WR,RB,QB,WR,WR,0,3,2,0,75.53049429
12th,RB,TE,WR,RB,WR,QB,WR,RB,WR,0,2,3,0,75.51589429
6th,WR,WR,QB,RB,RB,TE,RB,RB,RB,0,1,4,0,75.5
9th,WR,WR,WR,RB,RB,RB,RB,WR,RB,2,0,0,3,75.5
6th,WR,WR,WR,WR,RB,RB,RB,QB,TE,0,3,1,1,75.5
4th,RB,WR,WR,WR,WR,WR,QB,WR,TE,0,5,0,0,75.5
6th,WR,WR,RB,QB,RB,TE,RB,RB,RB,0,0,5,0,75.5
1st,TE,RB,RB,WR,QB,RB,WR,WR,WR,0,3,2,0,75.5
4th,WR,WR,WR,WR,TE,RB,QB,RB,RB,0,4,1,0,75.5
9th,RB,RB,WR,TE,WR,RB,QB,RB,RB,1,0,4,0,75.5
4th,RB,RB,WR,WR,WR,WR,WR,TE,QB,1,2,1,1,75.5
9th,TE,WR,QB,WR,WR,WR,RB,RB,RB,0,4,1,0,75.5
1st,WR,WR,RB,TE,RB,RB,RB,RB,RB,2,1,2,0,75.5
9th,WR,TE,RB,RB,RB,QB,RB,WR,RB,0,1,4,0,75.48973
4th,WR,WR,WR,RB,TE,RB,QB,WR,RB,0,2,3,0,75.48357857
12th,RB,WR,TE,RB,WR,WR,WR,RB,RB,2,2,1,0,75.48213429
6th,RB,QB,WR,RB,RB,TE,WR,RB,WR,0,2,3,0,75.47617429
6th,WR,QB,WR,TE,RB,RB,WR,RB,WR,0,3,2,0,75.46598143
6th,WR,WR,WR,TE,RB,QB,WR,WR,RB,0,3,2,0,75.45101143
12th,RB,WR,TE,WR,RB,QB,WR,WR,RB,0,2,3,0,75.44660857
12th,RB,QB,WR,TE,RB,RB,WR,RB,WR,0,3,2,0,75.44094429
9th,WR,RB,TE,WR,QB,WR,RB,RB,WR,0,3,2,0,75.43369714
1st,RB,WR,WR,RB,TE,WR,RB,WR,RB,2,1,2,0,75.43173143
4th,WR,WR,RB,WR,TE,RB,QB,RB,WR,0,2,3,0,75.42926286
12th,WR,WR,WR,TE,RB,QB,RB,WR,WR,0,3,2,0,75.42157143
1st,WR,WR,RB,WR,TE,WR,RB,WR,RB,2,1,2,0,75.41023
9th,WR,WR,RB,TE,QB,RB,RB,WR,RB,0,1,4,0,75.40736143
6th,WR,TE,RB,WR,RB,QB,WR,WR,RB,0,2,3,0,75.40345857
1st,TE,WR,RB,RB,RB,QB,RB,RB,WR,0,0,5,0,75.4
1st,WR,WR,QB,WR,RB,TE,RB,WR,WR,0,3,1,1,75.4
9th,RB,RB,TE,WR,RB,RB,WR,WR,QB,1,2,2,0,75.4
9th,RB,RB,WR,WR,WR,WR,WR,WR,RB,2,1,0,2,75.4
6th,TE,WR,QB,WR,WR,RB,RB,WR,WR,0,4,1,0,75.4
1st,TE,WR,QB,WR,WR,RB,RB,WR,WR,0,4,1,0,75.4
12th,WR,WR,RB,RB,RB,WR,RB,RB,WR,2,0,0,3,75.4
12th,WR,RB,RB,RB,WR,RB,WR,TE,RB,2,1,1,1,75.4
9th,TE,RB,RB,QB,WR,WR,WR,WR,RB,0,2,3,0,75.4
9th,RB,TE,RB,WR,QB,WR,WR,WR,RB,2,2,1,0,75.4
12th,RB,TE,RB,WR,WR,QB,RB,WR,RB,0,2,3,0,75.4
4th,TE,RB,QB,RB,RB,WR,WR,WR,WR,1,1,3,0,75.4
6th,WR,WR,RB,RB,TE,RB,WR,WR,WR,2,3,0,0,75.4
6th,WR,RB,QB,WR,TE,RB,WR,RB,WR,0,3,2,0,75.4
6th,RB,WR,WR,WR,RB,WR,WR,WR,RB,2,1,0,2,75.4
12th,RB,TE,WR,QB,RB,RB,WR,RB,WR,0,3,2,0,75.39328286
1st,WR,WR,WR,RB,TE,WR,QB,RB,WR,0,3,2,0,75.38721286
4th,RB,TE,WR,RB,WR,RB,WR,RB,WR,2,1,2,0,75.38685429
1st,RB,WR,TE,RB,WR,RB,WR,RB,WR,2,1,2,0,75.38485429
9th,RB,TE,WR,WR,QB,WR,WR,RB,RB,0,3,2,0,75.38355429
6th,WR,RB,TE,RB,RB,QB,WR,RB,WR,0,2,3,0,75.37968714
6th,WR,TE,RB,WR,RB,QB,RB,WR,WR,0,2,3,0,75.37170143
12th,WR,WR,WR,TE,RB,QB,WR,RB,WR,0,3,2,0,75.35292714
6th,RB,TE,WR,RB,WR,RB,WR,RB,WR,2,1,2,0,75.34974857
4th,WR,WR,WR,TE,RB,RB,QB,RB,WR,0,2,3,0,75.34776857
12th,WR,QB,WR,TE,WR,RB,WR,RB,WR,0,3,2,0,75.33870857
12th,WR,QB,WR,RB,WR,RB,WR,RB,WR,0,1,2,2,75.33863571
4th,WR,QB,WR,TE,RB,RB,WR,RB,WR,0,3,2,0,75.33140571
12th,WR,QB,WR,RB,RB,TE,WR,RB,WR,0,2,3,0,75.32071857
1st,RB,TE,WR,RB,WR,WR,WR,RB,RB,2,2,1,0,75.31861143
12th,WR,QB,WR,RB,WR,TE,WR,RB,WR,0,3,2,0,75.30809857
12th,RB,WR,WR,TE,RB,QB,WR,RB,WR,0,3,2,0,75.30559714
9th,TE,WR,RB,RB,RB,QB,RB,RB,WR,0,0,5,0,75.3
1st,WR,WR,WR,RB,RB,TE,RB,RB,RB,2,1,2,0,75.3
6th,RB,WR,RB,WR,RB,RB,WR,WR,WR,2,1,0,2,75.3
1st,RB,WR,WR,RB,RB,WR,WR,WR,WR,2,1,0,2,75.3
6th,WR,TE,WR,WR,WR,RB,RB,RB,QB,1,3,1,0,75.3
9th,RB,WR,RB,WR,RB,RB,WR,WR,WR,2,1,0,2,75.3
12th,TE,RB,RB,QB,WR,WR,WR,WR,RB,0,2,3,0,75.3
1st,WR,RB,WR,RB,RB,TE,WR,QB,WR,0,3,2,0,75.3
4th,WR,WR,WR,RB,TE,RB,QB,WR,RB,0,3,2,0,75.3
4th,RB,WR,WR,WR,RB,WR,WR,WR,RB,2,1,0,2,75.3
6th,RB,RB,WR,WR,WR,WR,WR,RB,RB,2,1,0,2,75.3
6th,WR,WR,RB,RB,RB,WR,RB,RB,WR,2,0,0,3,75.3
6th,WR,WR,WR,RB,RB,RB,RB,WR,RB,2,0,0,3,75.3
9th,RB,QB,WR,TE,WR,RB,WR,RB,WR,0,2,3,0,75.29968143
4th,WR,WR,RB,TE,WR,WR,QB,RB,RB,0,2,3,0,75.29747286
9th,WR,WR,WR,RB,TE,QB,WR,RB,WR,0,3,2,0,75.28939857
9th,WR,WR,RB,TE,QB,WR,WR,WR,RB,0,3,2,0,75.28936286
9th,RB,TE,WR,RB,RB,QB,WR,RB,WR,0,2,3,0,75.28927286
4th,WR,QB,WR,RB,RB,WR,TE,WR,RB,0,2,3,0,75.27985571
4th,WR,WR,WR,RB,TE,RB,QB,RB,WR,0,3,2,0,75.27709286
9th,WR,RB,TE,RB,WR,RB,WR,RB,WR,2,1,2,0,75.27471571
9th,WR,WR,RB,TE,QB,WR,RB,WR,RB,0,2,3,0,75.27272857
9th,RB,WR,WR,TE,RB,WR,RB,WR,RB,2,1,2,0,75.26682429
12th,RB,QB,WR,RB,TE,RB,RB,WR,WR,0,2,3,0,75.26416714
9th,RB,TE,WR,RB,QB,WR,WR,RB,RB,0,2,3,0,75.25782
4th,WR,QB,WR,RB,TE,RB,RB,WR,WR,0,2,3,0,75.25589429
6th,WR,RB,TE,QB,RB,RB,WR,RB,WR,0,3,2,0,75.24732714
4th,RB,WR,RB,TE,WR,WR,RB,WR,RB,2,1,2,0,75.24567286
6th,WR,QB,WR,RB,RB,TE,WR,RB,WR,0,2,3,0,75.24513571
4th,WR,WR,WR,TE,RB,RB,QB,WR,RB,0,2,3,0,75.24026143
12th,WR,WR,WR,TE,RB,RB,WR,QB,WR,0,3,2,0,75.23749571
12th,RB,QB,WR,RB,RB,TE,WR,RB,WR,0,2,3,0,75.23503429
4th,WR,RB,TE,RB,WR,RB,WR,RB,WR,2,1,2,0,75.23308429
1st,WR,QB,WR,WR,WR,RB,WR,RB,TE,0,3,2,0,75.23301
6th,WR,QB,WR,WR,RB,RB,TE,WR,RB,0,2,3,0,75.22088
12th,RB,TE,WR,WR,RB,QB,WR,WR,RB,0,2,3,0,75.21842
4th,WR,TE,RB,RB,WR,WR,WR,RB,RB,2,2,1,0,75.21403571
6th,WR,QB,WR,RB,WR,TE,WR,RB,WR,0,3,2,0,75.21141429
12th,RB,QB,WR,RB,WR,TE,WR,RB,WR,0,2,3,0,75.20178571
9th,WR,WR,TE,RB,WR,RB,RB,RB,WR,2,1,2,0,75.2
9th,WR,WR,RB,WR,RB,RB,WR,TE,WR,2,2,0,1,75.2
1st,WR,WR,RB,RB,WR,RB,WR,TE,RB,2,1,1,1,75.2
12th,WR,WR,RB,RB,TE,RB,WR,WR,WR,2,3,0,0,75.2
4th,TE,WR,RB,WR,RB,WR,QB,WR,RB,0,3,2,0,75.2
1st,WR,WR,WR,RB,RB,RB,RB,WR,RB,2,0,0,3,75.2
4th,TE,WR,RB,RB,RB,QB,RB,RB,WR,0,0,5,0,75.2
9th,WR,WR,RB,RB,QB,RB,WR,WR,TE,0,3,2,0,75.2
6th,WR,RB,WR,RB,WR,RB,WR,RB,TE,2,1,1,1,75.2
12th,WR,WR,RB,RB,WR,RB,WR,TE,RB,2,1,1,1,75.2
1st,WR,WR,RB,TE,RB,RB,RB,RB,RB,2,0,3,0,75.2
9th,WR,TE,RB,WR,RB,QB,WR,WR,RB,0,2,3,0,75.19655429
12th,WR,QB,WR,RB,RB,TE,RB,WR,RB,0,1,4,0,75.19056
4th,WR,QB,WR,WR,WR,TE,RB,RB,WR,0,3,2,0,75.19013286
9th,RB,QB,WR,WR,WR,TE,RB,RB,WR,0,2,3,0,75.18838857
6th,WR,QB,WR,WR,TE,WR,WR,RB,RB,0,3,2,0,75.17417857
4th,RB,WR,TE,RB,WR,RB,WR,RB,WR,2,1,2,0,75.17277571
4th,RB,QB,WR,WR,WR,RB,WR,RB,TE,0,2,3,0,75.17176857
6th,WR,QB,WR,TE,WR,WR,WR,RB,RB,0,3,2,0,75.16080571
12th,RB,WR,TE,RB,RB,QB,RB,WR,RB,0,0,5,0,75.15573714
9th,RB,TE,WR,RB,QB,RB,WR,WR,WR,0,3,2,0,75.14647286
12th,WR,QB,WR,WR,TE,WR,WR,RB,RB,0,3,2,0,75.14570857
12th,RB,QB,WR,WR,RB,RB,WR,TE,RB,0,2,3,0,75.13384857
1st,WR,QB,WR,RB,TE,RB,RB,WR,WR,0,2,3,0,75.13161714
12th,WR,QB,WR,RB,TE,RB,WR,WR,WR,0,3,2,0,75.12426
12th,WR,WR,WR,TE,RB,QB,RB,RB,WR,0,2,3,0,75.11690714
12th,WR,QB,WR,WR,RB,TE,RB,WR,WR,0,3,2,0,75.11137714
12th,WR,TE,RB,RB,RB,QB,RB,WR,RB,0,1,4,0,75.10793
1st,WR,QB,WR,RB,TE,RB,WR,WR,WR,0,3,2,0,75.10499571
4th,WR,QB,WR,WR,TE,WR,RB,RB,WR,0,3,2,0,75.10256286
6th,WR,WR,RB,RB,WR,RB,WR,TE,RB,2,1,1,1,75.1
6th,RB,RB,TE,WR,RB,RB,WR,WR,QB,1,2,2,0,75.1
12th,TE,WR,WR,WR,RB,RB,QB,RB,WR,0,3,2,0,75.1
12th,RB,RB,TE,WR,RB,RB,WR,WR,QB,1,2,2,0,75.1
12th,RB,WR,RB,WR,WR,WR,WR,RB,RB,2,1,0,2,75.1
4th,WR,RB,RB,WR,WR,RB,TE,QB,RB,1,1,2,1,75.1
12th,RB,WR,TE,WR,RB,QB,RB,WR,WR,0,2,3,0,75.09924857
12th,RB,WR,WR,RB,TE,WR,RB,WR,RB,2,1,2,0,75.09833571
12th,RB,WR,RB,WR,TE,QB,WR,WR,RB,0,2,3,0,75.09727571
9th,WR,TE,RB,RB,QB,WR,RB,WR,RB,0,2,3,0,75.09587857
6th,WR,QB,WR,WR,RB,TE,RB,WR,WR,0,3,2,0,75.09265143
9th,RB,QB,WR,RB,TE,RB,RB,WR,WR,0,2,3,0,75.07437571
12th,WR,WR,RB,TE,WR,WR,RB,WR,RB,2,1,2,0,75.06985
9th,RB,TE,WR,WR,RB,RB,WR,QB,RB,0,2,3,0,75.06962857
12th,RB,WR,WR,TE,RB,QB,RB,RB,WR,0,1,4,0,75.05375857
1st,WR,RB,TE,RB,WR,WR,WR,RB,RB,2,2,1,0,75.05332714
12th,RB,TE,WR,RB,WR,WR,WR,RB,RB,2,2,1,0,75.04410714
9th,WR,TE,RB,WR,WR,QB,RB,RB,WR,0,2,3,0,75.03839286
9th,RB,QB,WR,RB,WR,TE,RB,WR,RB,0,2,3,0,75.03296714
1st,WR,QB,WR,RB,RB,TE,WR,RB,WR,0,2,3,0,75.01815857
6th,WR,TE,RB,WR,RB,RB,WR,QB,RB,0,2,3,0,75.01641571
4th,WR,QB,WR,RB,TE,WR,RB,WR,RB,0,2,3,0,75.00341429
12th,WR,WR,TE,RB,WR,RB,RB,RB,WR,2,1,2,0,75
4th,TE,WR,WR,WR,RB,RB,QB,RB,WR,0,3,2,0,75
12th,WR,WR,WR,RB,RB,RB,RB,WR,RB,2,0,0,3,75
6th,TE,RB,RB,WR,QB,RB,WR,WR,WR,0,3,2,0,75
1st,RB,WR,RB,WR,RB,RB,WR,WR,WR,2,1,0,2,75
12th,RB,RB,WR,WR,WR,WR,WR,RB,RB,2,1,0,2,75
9th,RB,RB,RB,WR,WR,RB,WR,QB,TE,0,1,4,0,75
6th,WR,RB,WR,RB,RB,TE,WR,QB,WR,0,3,2,0,75
6th,WR,RB,RB,RB,TE,WR,WR,WR,WR,2,2,1,0,75
12th,RB,RB,WR,TE,WR,WR,WR,WR,RB,2,2,1,0,75
12th,RB,RB,WR,WR,WR,WR,WR,TE,QB,1,2,1,1,75
1st,TE,WR,RB,WR,RB,WR,QB,WR,RB,0,3,2,0,75
4th,RB,RB,TE,WR,RB,RB,WR,WR,QB,1,2,2,0,75
6th,WR,WR,RB,TE,RB,RB,RB,RB,RB,2,0,3,0,75
4th,WR,QB,WR,RB,WR,RB,WR,RB,WR,0,1,2,2,74.99313143
6th,WR,TE,RB,RB,RB,QB,WR,RB,WR,0,2,3,0,74.99302857
9th,WR,TE,RB,RB,WR,QB,RB,WR,RB,0,2,3,0,74.97224571
1st,WR,WR,RB,TE,WR,WR,RB,WR,RB,2,1,2,0,74.97039571
1st,WR,WR,WR,RB,TE,WR,QB,WR,RB,0,3,2,0,74.94807286
9th,WR,TE,RB,QB,RB,RB,WR,RB,WR,0,3,2,0,74.94676714
9th,RB,QB,WR,WR,TE,WR,RB,RB,WR,0,3,2,0,74.94016429
12th,RB,WR,RB,TE,WR,WR,RB,WR,RB,2,1,2,0,74.92801714
4th,WR,QB,WR,RB,WR,TE,WR,RB,WR,0,3,2,0,74.92665571
9th,RB,QB,WR,WR,TE,WR,WR,RB,RB,0,3,2,0,74.91571714
4th,WR,WR,RB,WR,TE,WR,QB,RB,RB,0,2,3,0,74.90264857
1st,WR,RB,TE,RB,RB,WR,QB,WR,RB,0,1,4,0,74.90089714
4th,WR,QB,WR,TE,WR,WR,RB,WR,RB,0,3,2,0,74.90087857
4th,WR,RB,RB,RB,TE,WR,WR,WR,WR,2,2,1,0,74.9
12th,RB,RB,WR,WR,RB,QB,WR,WR,TE,0,2,2,1,74.9
9th,WR,WR,RB,RB,QB,WR,TE,WR,RB,1,2,2,0,74.9
1st,TE,RB,RB,QB,WR,WR,WR,WR,RB,0,2,3,0,74.9
6th,RB,WR,WR,RB,RB,WR,WR,WR,WR,2,1,0,2,74.9
12th,TE,RB,QB,RB,RB,WR,WR,WR,WR,1,1,3,0,74.9
1st,WR,RB,WR,RB,WR,RB,WR,RB,TE,2,1,1,1,74.9
9th,RB,TE,WR,WR,QB,WR,RB,WR,RB,0,2,3,0,74.9
6th,WR,WR,RB,RB,RB,RB,RB,WR,WR,2,1,0,2,74.9
1st,WR,WR,RB,WR,RB,RB,WR,TE,WR,2,2,0,1,74.9
9th,WR,WR,WR,WR,QB,RB,TE,RB,RB,0,4,1,0,74.9
9th,TE,WR,WR,RB,QB,RB,RB,RB,WR,0,3,2,0,74.9
12th,WR,WR,RB,TE,RB,RB,RB,RB,RB,2,1,2,0,74.9
1st,WR,RB,RB,RB,WR,RB,WR,TE,RB,2,1,1,1,74.9
4th,RB,WR,WR,RB,RB,WR,WR,WR,WR,2,1,0,2,74.9
9th,RB,QB,WR,RB,TE,RB,WR,WR,WR,0,3,2,0,74.89773286
9th,RB,QB,WR,TE,RB,WR,RB,RB,WR,0,3,2,0,74.89586857
4th,WR,WR,WR,RB,TE,WR,QB,RB,WR,0,3,2,0,74.89149714
12th,WR,QB,WR,WR,TE,RB,WR,WR,RB,0,3,2,0,74.88653143
9th,RB,QB,WR,TE,RB,RB,WR,RB,WR,0,3,2,0,74.88526
1st,WR,RB,TE,RB,QB,RB,RB,WR,WR,0,2,3,0,74.87157857
4th,WR,QB,WR,WR,RB,RB,TE,WR,RB,0,2,3,0,74.87028143
9th,WR,WR,WR,RB,TE,RB,WR,QB,WR,0,3,2,0,74.86953429
6th,WR,RB,TE,WR,RB,RB,WR,QB,RB,0,2,3,0,74.86493
4th,WR,WR,RB,TE,WR,RB,QB,WR,WR,0,3,2,0,74.86371
12th,RB,WR,TE,RB,WR,RB,WR,RB,WR,2,1,2,0,74.85459857
1st,WR,QB,WR,RB,WR,TE,RB,WR,RB,0,2,3,0,74.84084857
12th,WR,QB,WR,WR,WR,TE,RB,RB,WR,0,3,2,0,74.84061143
1st,WR,QB,WR,WR,RB,TE,RB,WR,WR,0,3,2,0,74.83805
12th,RB,QB,WR,TE,WR,RB,WR,RB,WR,0,2,3,0,74.82802571
12th,WR,QB,WR,RB,RB,WR,TE,WR,RB,0,2,3,0,74.82345714
12th,WR,TE,RB,RB,WR,RB,WR,RB,WR,2,1,2,0,74.82165857
12th,WR,QB,WR,WR,RB,TE,WR,WR,RB,0,3,2,0,74.81955857
6th,WR,QB,WR,WR,RB,RB,WR,TE,RB,0,2,3,0,74.80315571
9th,RB,QB,WR,WR,RB,TE,RB,WR,WR,0,2,3,0,74.80282143
9th,WR,RB,RB,RB,WR,RB,WR,TE,RB,2,1,1,1,74.8
6th,WR,WR,RB,RB,RB,WR,WR,WR,TE,2,2,0,1,74.8
4th,WR,RB,WR,RB,WR,RB,WR,RB,TE,2,1,1,1,74.8
6th,WR,WR,RB,TE,RB,RB,RB,RB,RB,2,1,2,0,74.8
12th,WR,WR,RB,RB,RB,WR,WR,WR,TE,2,2,0,1,74.8
1st,WR,WR,TE,RB,WR,RB,RB,RB,WR,2,1,2,0,74.8
12th,WR,TE,WR,WR,WR,RB,RB,RB,QB,1,3,1,0,74.8
12th,WR,WR,RB,WR,RB,RB,WR,TE,WR,2,2,0,1,74.8
9th,WR,TE,RB,RB,WR,WR,WR,QB,RB,0,3,2,0,74.8
1st,WR,WR,WR,RB,RB,RB,RB,RB,WR,2,0,1,2,74.8
12th,RB,RB,RB,WR,WR,WR,WR,WR,RB,2,0,0,3,74.8
9th,RB,TE,WR,RB,QB,WR,RB,WR,RB,0,2,3,0,74.79876286
4th,WR,WR,RB,WR,TE,RB,QB,WR,WR,0,3,2,0,74.78843
12th,RB,WR,WR,TE,RB,WR,RB,WR,RB,2,1,2,0,74.77730143
1st,WR,WR,WR,TE,RB,WR,WR,WR,RB,2,2,1,0,74.76222857
6th,WR,WR,RB,WR,TE,WR,RB,WR,RB,2,1,2,0,74.75903143
9th,RB,WR,RB,WR,TE,WR,RB,WR,RB,2,1,2,0,74.75472429
12th,RB,WR,RB,WR,TE,WR,RB,WR,RB,2,1,2,0,74.74742
9th,RB,WR,RB,TE,WR,RB,QB,WR,WR,0,3,2,0,74.74143714
12th,RB,WR,WR,RB,TE,WR,WR,WR,RB,2,2,1,0,74.74140143
1st,WR,QB,WR,RB,RB,WR,TE,WR,RB,0,2,3,0,74.72458
12th,WR,WR,RB,WR,TE,QB,WR,WR,RB,0,3,2,0,74.7131
9th,WR,RB,WR,RB,QB,WR,TE,RB,WR,0,3,2,0,74.7
9th,RB,WR,WR,WR,RB,WR,WR,WR,RB,2,1,0,2,74.7
9th,TE,RB,WR,RB,WR,WR,WR,QB,RB,0,3,2,0,74.7
4th,WR,WR,RB,RB,RB,TE,WR,WR,WR,2,3,0,0,74.7
9th,TE,WR,RB,RB,WR,WR,RB,WR,QB,1,2,1,1,74.7
4th,TE,WR,QB,WR,WR,WR,RB,RB,RB,0,4,1,0,74.7
12th,RB,RB,WR,WR,WR,WR,WR,RB,RB,2,0,1,2,74.7
6th,WR,QB,WR,WR,RB,TE,WR,WR,RB,0,3,2,0,74.69150143
4th,WR,WR,WR,RB,TE,WR,QB,WR,RB,0,3,2,0,74.67181857
9th,RB,QB,WR,WR,RB,RB,WR,TE,RB,0,2,3,0,74.66044
6th,WR,WR,WR,TE,RB,RB,WR,QB,WR,0,3,2,0,74.65825571
9th,RB,QB,WR,RB,WR,TE,WR,RB,WR,0,2,3,0,74.65538857
12th,RB,WR,WR,TE,RB,WR,WR,WR,RB,2,2,1,0,74.65501714
6th,WR,RB,TE,RB,WR,WR,WR,RB,RB,2,2,1,0,74.64697429
9th,WR,WR,WR,TE,WR,RB,RB,QB,WR,0,3,2,0,74.64099429
9th,RB,QB,WR,RB,TE,WR,WR,RB,RB,0,2,3,0,74.63602286
9th,WR,TE,RB,WR,RB,QB,RB,WR,WR,0,2,3,0,74.62560143
12th,RB,TE,WR,RB,RB,QB,WR,RB,WR,0,2,3,0,74.62514286
9th,RB,QB,WR,RB,RB,TE,RB,WR,RB,0,0,5,0,74.61946857
1st,WR,WR,RB,RB,TE,RB,WR,WR,WR,2,3,0,0,74.6
4th,WR,WR,RB,RB,RB,WR,RB,RB,WR,2,0,0,3,74.6
6th,TE,WR,RB,RB,RB,QB,RB,RB,WR,0,0,5,0,74.6
12th,WR,WR,RB,TE,RB,RB,RB,RB,RB,2,0,3,0,74.6
12th,TE,WR,RB,WR,RB,WR,QB,WR,RB,0,3,2,0,74.6
12th,WR,WR,RB,RB,RB,RB,RB,WR,WR,2,1,0,2,74.6
9th,WR,TE,RB,RB,RB,QB,WR,RB,WR,0,2,3,0,74.54731714
9th,WR,WR,RB,TE,QB,WR,WR,RB,WR,0,3,2,0,74.53691143
6th,WR,QB,WR,RB,WR,RB,WR,RB,WR,0,1,2,2,74.53276429
12th,RB,TE,WR,WR,RB,QB,RB,WR,WR,0,2,3,0,74.53023143
1st,WR,QB,WR,RB,WR,TE,WR,RB,WR,0,3,2,0,74.51787714
12th,WR,WR,WR,RB,TE,WR,RB,WR,RB,2,1,2,0,74.50690286
6th,WR,WR,TE,RB,WR,RB,RB,RB,WR,2,1,2,0,74.5
6th,WR,WR,WR,RB,RB,RB,RB,RB,WR,2,0,1,2,74.5
1st,WR,RB,TE,RB,RB,RB,QB,WR,WR,0,2,3,0,74.5
1st,WR,WR,QB,RB,RB,TE,RB,RB,RB,0,1,4,0,74.5
9th,WR,WR,RB,RB,TE,RB,WR,WR,WR,2,3,0,0,74.5
9th,TE,RB,RB,WR,QB,RB,WR,WR,WR,0,3,2,0,74.5
9th,TE,RB,QB,RB,RB,WR,WR,WR,WR,1,1,3,0,74.5
12th,RB,RB,WR,WR,RB,WR,RB,WR,RB,2,0,0,3,74.5
12th,WR,TE,RB,WR,RB,QB,WR,WR,RB,0,2,3,0,74.49900571
9th,WR,TE,RB,WR,QB,WR,RB,RB,WR,0,3,2,0,74.47820714
12th,RB,WR,WR,TE,RB,QB,WR,WR,RB,0,3,2,0,74.46365429
4th,WR,QB,WR,RB,TE,RB,WR,WR,WR,0,3,2,0,74.45066143
9th,WR,TE,RB,WR,RB,RB,WR,QB,RB,0,2,3,0,74.43863571
9th,WR,RB,TE,RB,WR,WR,WR,RB,RB,2,2,1,0,74.43803
9th,WR,TE,RB,WR,QB,RB,WR,WR,RB,0,3,2,0,74.40967571
4th,WR,TE,RB,RB,WR,RB,WR,RB,WR,2,1,2,0,74.40851571
4th,WR,RB,TE,RB,WR,WR,WR,RB,RB,2,2,1,0,74.40411714
4th,WR,TE,WR,WR,WR,RB,RB,RB,QB,1,3,1,0,74.4
6th,WR,WR,RB,WR,RB,RB,WR,TE,WR,2,2,0,1,74.4
4th,WR,WR,RB,TE,RB,RB,RB,RB,RB,2,1,2,0,74.4
9th,TE,RB,WR,WR,QB,WR,RB,RB,WR,0,3,2,0,74.4
9th,WR,WR,RB,RB,RB,WR,RB,RB,WR,2,0,0,3,74.4
4th,WR,WR,RB,RB,RB,RB,RB,WR,WR,2,1,0,2,74.4
6th,TE,WR,RB,RB,WR,WR,RB,WR,QB,1,2,1,1,74.4
1st,WR,QB,WR,WR,WR,TE,RB,RB,WR,0,3,2,0,74.39114571
1st,WR,WR,WR,TE,RB,WR,RB,WR,RB,2,1,2,0,74.38902857
9th,RB,QB,WR,WR,RB,RB,TE,WR,RB,0,2,3,0,74.3797
9th,WR,TE,RB,RB,QB,WR,WR,RB,RB,0,2,3,0,74.37656
6th,RB,WR,RB,WR,TE,RB,RB,WR,QB,0,0,5,0,74.37395571
12th,WR,WR,RB,WR,TE,WR,RB,WR,RB,2,1,2,0,74.36981143
9th,RB,QB,WR,WR,RB,TE,WR,WR,RB,0,2,3,0,74.33975
9th,RB,WR,WR,RB,RB,WR,WR,WR,WR,2,1,0,2,74.3
12th,TE,WR,QB,WR,WR,RB,RB,WR,WR,0,4,1,0,74.3
9th,WR,WR,RB,TE,RB,RB,RB,RB,RB,2,1,2,0,74.3
12th,WR,WR,WR,RB,RB,TE,RB,RB,RB,2,1,2,0,74.3
9th,WR,WR,RB,RB,RB,RB,RB,WR,WR,2,1,0,2,74.3
9th,WR,WR,WR,RB,RB,RB,RB,RB,WR,2,0,1,2,74.3
4th,WR,WR,RB,RB,RB,WR,WR,WR,TE,2,2,0,1,74.3
12th,RB,QB,WR,WR,RB,TE,WR,WR,RB,0,2,3,0,74.28305
4th,WR,QB,WR,TE,WR,WR,WR,RB,RB,0,3,2,0,74.27671
1st,WR,QB,WR,RB,RB,TE,RB,WR,RB,0,1,4,0,74.25817143
6th,WR,WR,WR,RB,TE,WR,WR,WR,RB,2,2,1,0,74.25257143
4th,WR,QB,WR,WR,TE,WR,WR,RB,RB,0,3,2,0,74.24671286
9th,WR,TE,RB,WR,QB,WR,WR,RB,RB,0,3,2,0,74.23411286
4th,WR,QB,WR,WR,TE,RB,WR,WR,RB,0,3,2,0,74.22429857
12th,RB,TE,WR,RB,RB,QB,RB,WR,RB,0,0,5,0,74.22295857
4th,WR,RB,RB,RB,WR,RB,WR,TE,RB,2,1,1,1,74.2
4th,WR,WR,WR,RB,RB,RB,RB,WR,RB,2,0,0,3,74.2
4th,WR,WR,WR,RB,RB,RB,RB,RB,WR,2,0,1,2,74.2
6th,WR,WR,WR,RB,RB,TE,RB,RB,RB,2,1,2,0,74.2
4th,RB,RB,WR,TE,WR,WR,WR,QB,RB,0,2,2,1,74.2
9th,WR,RB,WR,RB,RB,TE,WR,QB,WR,0,3,2,0,74.2
1st,WR,WR,RB,RB,RB,WR,RB,RB,WR,2,0,0,3,74.2
12th,RB,RB,WR,WR,WR,WR,WR,WR,RB,2,1,0,2,74.2
6th,WR,QB,WR,WR,WR,RB,WR,RB,TE,0,3,2,0,74.14769286
6th,WR,RB,TE,RB,WR,RB,WR,RB,WR,2,1,2,0,74.14053286
6th,WR,WR,RB,TE,WR,WR,RB,WR,RB,2,1,2,0,74.12425286
4th,WR,WR,TE,WR,WR,WR,RB,QB,RB,1,4,0,0,74.1
4th,WR,WR,RB,TE,RB,RB,RB,RB,RB,2,0,3,0,74.1
12th,RB,QB,WR,WR,WR,RB,WR,RB,TE,0,2,3,0,74.09687143
12th,WR,WR,WR,RB,TE,WR,WR,WR,RB,2,2,1,0,74.09254714
12th,WR,WR,WR,TE,RB,QB,WR,WR,RB,0,3,2,0,74.07763571
9th,WR,QB,WR,TE,RB,RB,WR,RB,WR,0,3,2,0,74.06147429
9th,WR,TE,RB,RB,QB,RB,RB,WR,WR,0,2,3,0,74.04801143
9th,WR,TE,RB,RB,QB,RB,WR,WR,WR,0,3,2,0,74.04423429
4th,WR,WR,WR,RB,TE,WR,WR,WR,RB,2,2,1,0,74.03978
12th,RB,TE,WR,RB,WR,RB,WR,RB,WR,2,1,2,0,74.02135714
12th,RB,WR,WR,RB,RB,WR,WR,WR,WR,2,1,0,2,74
12th,WR,WR,RB,RB,RB,TE,WR,WR,WR,2,3,0,0,74
9th,WR,WR,RB,RB,RB,WR,WR,WR,TE,2,2,0,1,74
6th,TE,RB,QB,RB,RB,WR,WR,WR,WR,1,1,3,0,74
6th,WR,WR,RB,RB,RB,TE,WR,WR,WR,2,3,0,0,74
4th,TE,WR,RB,RB,WR,WR,RB,WR,QB,1,2,1,1,74
12th,RB,QB,WR,RB,RB,WR,TE,WR,RB,0,1,4,0,73.98297143
9th,WR,QB,WR,RB,WR,WR,WR,RB,RB,0,2,1,2,73.98135286
4th,WR,QB,WR,TE,WR,RB,WR,RB,WR,0,3,2,0,73.96746143
9th,WR,QB,WR,TE,WR,WR,WR,RB,RB,0,3,2,0,73.96015714
9th,RB,TE,WR,RB,WR,WR,WR,RB,RB,2,2,1,0,73.95296
4th,WR,WR,WR,TE,RB,WR,RB,WR,RB,2,1,2,0,73.95041857
9th,RB,QB,WR,RB,RB,WR,TE,WR,RB,0,1,4,0,73.92513
4th,WR,WR,WR,RB,TE,WR,RB,WR,RB,2,1,2,0,73.9174
12th,RB,QB,WR,RB,RB,TE,RB,WR,RB,0,0,5,0,73.91648286
9th,WR,QB,WR,TE,WR,RB,WR,RB,WR,0,3,2,0,73.90859286
9th,RB,TE,WR,RB,WR,RB,WR,RB,WR,2,1,2,0,73.90136
4th,TE,WR,QB,WR,WR,RB,RB,WR,WR,0,4,1,0,73.9
9th,WR,RB,WR,RB,WR,RB,WR,RB,TE,2,1,1,1,73.9
12th,TE,WR,RB,RB,WR,WR,RB,WR,QB,1,2,1,1,73.9
9th,RB,WR,WR,RB,WR,RB,QB,TE,WR,0,2,2,1,73.9
4th,WR,WR,RB,WR,RB,RB,WR,TE,WR,2,2,0,1,73.9
4th,WR,WR,TE,RB,WR,RB,RB,RB,WR,2,1,2,0,73.9
9th,WR,QB,WR,RB,TE,RB,WR,WR,WR,0,3,2,0,73.85399714
6th,WR,WR,WR,RB,TE,WR,RB,WR,RB,2,1,2,0,73.83941714
12th,WR,QB,WR,WR,RB,RB,TE,WR,RB,0,2,3,0,73.83364571
9th,WR,QB,WR,RB,TE,RB,RB,WR,WR,0,2,3,0,73.82576857
4th,WR,WR,RB,RB,WR,RB,WR,TE,RB,2,1,1,1,73.8
6th,WR,RB,RB,RB,WR,RB,WR,TE,RB,2,1,1,1,73.8
1st,WR,WR,RB,RB,RB,RB,RB,WR,WR,2,1,0,2,73.8
9th,WR,WR,WR,WR,TE,RB,RB,QB,WR,0,3,2,0,73.75631571
1st,WR,TE,RB,RB,WR,WR,WR,RB,RB,2,2,1,0,73.72510571
6th,WR,TE,RB,RB,WR,RB,WR,RB,WR,2,1,2,0,73.71853571
9th,WR,TE,WR,WR,WR,RB,RB,RB,QB,1,3,1,0,73.7
1st,WR,WR,RB,RB,RB,WR,WR,WR,TE,2,2,0,1,73.7
9th,WR,WR,RB,TE,RB,RB,RB,RB,RB,2,0,3,0,73.7
9th,RB,TE,RB,RB,WR,WR,QB,WR,WR,1,2,2,0,73.7
12th,WR,QB,WR,WR,RB,RB,WR,TE,RB,0,2,3,0,73.69342714
12th,RB,QB,WR,WR,RB,RB,TE,WR,RB,0,2,3,0,73.67835429
1st,WR,WR,WR,RB,TE,WR,RB,WR,RB,2,1,2,0,73.66920857
12th,RB,QB,WR,WR,RB,TE,RB,WR,WR,0,2,3,0,73.65007429
6th,RB,RB,WR,TE,RB,WR,WR,WR,RB,1,2,2,0,73.62601571
9th,WR,QB,WR,WR,RB,RB,WR,TE,RB,0,2,3,0,73.61901571
6th,RB,WR,TE,WR,WR,RB,WR,RB,QB,0,2,3,0,73.61901
1st,WR,RB,TE,RB,WR,RB,WR,RB,WR,2,1,2,0,73.60438857
4th,RB,WR,RB,WR,RB,RB,WR,WR,WR,2,1,0,2,73.6
9th,WR,RB,RB,RB,TE,WR,WR,WR,WR,2,2,1,0,73.6
12th,TE,WR,RB,RB,RB,QB,RB,RB,WR,0,0,5,0,73.6
9th,WR,WR,RB,RB,RB,TE,WR,WR,WR,2,3,0,0,73.6
4th,WR,WR,RB,WR,TE,WR,RB,WR,RB,2,1,2,0,73.59161286
9th,RB,WR,WR,TE,RB,WR,QB,WR,RB,0,3,2,0,73.58207429
9th,WR,QB,WR,RB,WR,RB,WR,RB,WR,0,1,2,2,73.57601429
4th,WR,WR,WR,TE,RB,WR,WR,WR,RB,2,2,1,0,73.54670429
9th,WR,WR,WR,RB,RB,TE,RB,RB,RB,2,1,2,0,73.5
12th,WR,WR,WR,RB,RB,RB,RB,RB,WR,2,0,1,2,73.5
12th,RB,WR,WR,WR,RB,WR,WR,WR,RB,2,1,0,2,73.5
9th,WR,QB,WR,RB,RB,TE,RB,WR,RB,0,1,4,0,73.49087857
12th,WR,RB,RB,WR,WR,WR,RB,WR,WR,1,1,0,3,73.47372286
9th,RB,WR,TE,WR,RB,RB,QB,WR,RB,0,2,3,0,73.43929
9th,WR,QB,WR,WR,RB,RB,TE,WR,RB,0,2,3,0,73.43790143
9th,RB,WR,RB,WR,TE,RB,QB,WR,WR,0,3,2,0,73.42014429
1st,WR,TE,RB,RB,WR,RB,WR,RB,WR,2,1,2,0,73.41605714
6th,WR,WR,WR,TE,RB,WR,RB,WR,RB,2,1,2,0,73.40465286
9th,RB,WR,RB,TE,WR,RB,RB,WR,QB,0,0,5,0,73.38889286
9th,RB,WR,WR,TE,RB,WR,QB,RB,WR,0,3,2,0,73.37773286
9th,WR,QB,WR,TE,WR,WR,RB,WR,RB,0,3,2,0,73.34587429
1st,WR,WR,WR,RB,TE,WR,WR,WR,RB,2,2,1,0,73.30144714
12th,WR,WR,WR,WR,WR,TE,RB,RB,QB,0,4,0,1,73.3
1st,WR,RB,RB,RB,TE,WR,WR,WR,WR,2,2,1,0,73.3
9th,RB,WR,RB,TE,WR,WR,QB,RB,RB,0,1,4,0,73.29759286
9th,WR,TE,RB,RB,WR,RB,WR,RB,WR,2,1,2,0,73.29693
4th,WR,QB,WR,WR,RB,RB,WR,TE,RB,0,2,3,0,73.29486714
9th,RB,WR,WR,RB,TE,WR,QB,RB,WR,0,3,2,0,73.29347714
12th,WR,WR,WR,TE,RB,WR,RB,WR,RB,2,1,2,0,73.28668429
4th,WR,WR,RB,TE,WR,WR,RB,WR,RB,2,1,2,0,73.27603286
9th,WR,TE,RB,RB,WR,WR,WR,RB,RB,2,2,1,0,73.2513
12th,WR,QB,WR,WR,WR,RB,WR,RB,TE,0,3,2,0,73.24600714
9th,RB,QB,WR,RB,RB,TE,WR,RB,WR,0,2,3,0,73.23865286
9th,WR,QB,WR,RB,WR,TE,WR,RB,WR,0,3,2,0,73.23100286
9th,WR,QB,WR,RB,RB,WR,TE,WR,RB,0,2,3,0,73.21841143
6th,WR,RB,WR,RB,TE,WR,RB,WR,QB,0,3,2,0,73.2
9th,WR,QB,WR,WR,RB,TE,RB,WR,WR,0,3,2,0,73.17557143
4th,WR,RB,TE,WR,RB,RB,WR,QB,RB,0,2,3,0,73.16952429
6th,RB,TE,WR,WR,WR,RB,WR,RB,QB,0,2,3,0,73.16795
9th,WR,QB,WR,RB,WR,TE,RB,WR,RB,0,2,3,0,73.14715286
6th,RB,WR,RB,TE,WR,RB,RB,WR,QB,0,0,5,0,73.14322
6th,WR,WR,WR,TE,RB,WR,WR,WR,RB,2,2,1,0,73.12539429
1st,WR,WR,RB,RB,RB,TE,WR,WR,WR,2,3,0,0,73.1
4th,WR,WR,WR,WR,WR,TE,RB,RB,QB,0,4,0,1,73.1
9th,WR,QB,WR,WR,TE,RB,WR,WR,RB,0,3,2,0,73.09497143
9th,RB,WR,RB,WR,TE,RB,QB,RB,WR,0,2,3,0,73.08959
9th,WR,QB,WR,WR,RB,TE,WR,WR,RB,0,3,2,0,73.08669714
4th,RB,WR,WR,WR,TE,RB,RB,QB,WR,0,2,3,0,73.07685571
12th,WR,WR,WR,TE,RB,WR,WR,WR,RB,2,2,1,0,73.05753857
4th,RB,RB,WR,TE,RB,WR,WR,WR,RB,1,2,2,0,73.05493286
9th,RB,WR,WR,TE,RB,RB,QB,WR,RB,0,1,4,0,73.05482
4th,RB,TE,WR,WR,RB,RB,WR,QB,RB,0,2,3,0,73.03989714
9th,WR,QB,WR,WR,WR,RB,WR,RB,TE,0,3,2,0,73.03747286
1st,RB,RB,WR,TE,RB,WR,WR,WR,RB,1,2,2,0,73.02183714
12th,WR,RB,WR,RB,TE,WR,RB,WR,QB,0,3,2,0,73
9th,WR,QB,WR,RB,TE,WR,RB,WR,RB,0,2,3,0,72.97072429
4th,RB,TE,WR,WR,WR,RB,WR,RB,QB,0,2,3,0,72.96137714
9th,WR,QB,WR,RB,TE,WR,WR,RB,RB,0,2,3,0,72.92477857
9th,WR,QB,WR,TE,RB,WR,RB,RB,WR,0,3,2,0,72.91070857
9th,WR,RB,TE,RB,RB,RB,QB,WR,WR,0,2,3,0,72.9
12th,RB,WR,RB,WR,RB,RB,WR,WR,WR,2,1,0,2,72.9
9th,RB,WR,WR,TE,RB,RB,QB,RB,WR,0,1,4,0,72.85832714
9th,WR,WR,RB,TE,WR,WR,RB,WR,RB,2,1,2,0,72.83856571
12th,WR,RB,TE,WR,WR,RB,WR,RB,QB,0,2,3,0,72.83502
4th,WR,WR,RB,RB,TE,RB,WR,WR,WR,2,3,0,0,72.8
9th,WR,RB,TE,WR,RB,RB,QB,WR,RB,0,2,3,0,72.78907714
9th,WR,QB,WR,RB,RB,TE,WR,RB,WR,0,2,3,0,72.78782571
9th,RB,WR,TE,WR,WR,RB,WR,RB,QB,0,2,3,0,72.74590571
9th,RB,WR,RB,WR,TE,WR,QB,RB,RB,0,1,4,0,72.74295714
4th,RB,WR,WR,TE,RB,RB,WR,QB,WR,0,2,3,0,72.72370857
9th,WR,QB,WR,WR,WR,TE,RB,RB,WR,0,3,2,0,72.70598143
1st,TE,RB,QB,RB,RB,WR,WR,WR,WR,1,1,3,0,72.7
4th,WR,RB,WR,RB,RB,TE,WR,QB,WR,0,3,2,0,72.7
9th,WR,WR,WR,TE,RB,WR,RB,WR,RB,2,1,2,0,72.67762571
12th,WR,WR,RB,TE,WR,RB,RB,WR,QB,0,2,3,0,72.63798857
9th,WR,QB,WR,WR,TE,WR,WR,RB,RB,0,3,2,0,72.63516143
6th,WR,WR,WR,WR,WR,TE,RB,RB,QB,0,4,0,1,72.6
9th,RB,RB,RB,WR,WR,WR,QB,RB,TE,0,1,3,1,72.6
9th,WR,WR,RB,WR,TE,WR,RB,WR,RB,2,1,2,0,72.56709143
9th,RB,WR,WR,RB,TE,WR,QB,WR,RB,0,3,2,0,72.56289571
4th,WR,QB,WR,WR,WR,RB,WR,RB,TE,0,3,2,0,72.54219286
9th,RB,WR,TE,RB,RB,WR,QB,WR,RB,0,1,4,0,72.51179
6th,WR,WR,RB,WR,TE,RB,RB,WR,QB,0,2,3,0,72.50316429
9th,RB,RB,WR,WR,WR,TE,QB,RB,RB,0,2,3,0,72.5
9th,RB,WR,WR,WR,WR,WR,QB,WR,TE,0,5,0,0,72.5
9th,RB,WR,RB,WR,TE,RB,QB,WR,RB,0,2,3,0,72.5
9th,RB,WR,RB,TE,WR,RB,QB,RB,WR,0,2,3,0,72.48862
9th,RB,WR,RB,WR,TE,RB,RB,WR,QB,0,0,5,0,72.47745429
6th,WR,WR,RB,TE,WR,RB,RB,WR,QB,0,2,3,0,72.46831857
4th,WR,RB,RB,WR,WR,WR,RB,WR,WR,1,1,0,3,72.42825857
4th,WR,RB,WR,RB,TE,WR,RB,WR,QB,0,3,2,0,72.4
6th,WR,RB,RB,WR,WR,WR,RB,WR,WR,1,1,0,3,72.39179714
9th,WR,WR,WR,TE,RB,WR,WR,WR,RB,2,2,1,0,72.31160286
9th,WR,RB,WR,RB,TE,WR,RB,WR,QB,0,3,2,0,72.3
9th,WR,WR,RB,TE,WR,RB,QB,WR,WR,0,3,2,0,72.28765571
9th,WR,QB,WR,WR,TE,WR,RB,RB,WR,0,3,2,0,72.28594143
4th,RB,WR,WR,TE,WR,RB,RB,QB,WR,0,2,3,0,72.27890429
4th,WR,WR,WR,WR,RB,RB,RB,QB,TE,0,3,1,1,72.2
9th,WR,RB,WR,WR,WR,RB,QB,WR,RB,0,2,1,2,72.2
4th,RB,WR,WR,RB,TE,RB,WR,QB,WR,0,2,3,0,72.16717571
9th,RB,WR,WR,RB,TE,RB,QB,WR,RB,0,1,4,0,72.11126286
12th,RB,WR,TE,WR,WR,RB,WR,RB,QB,0,2,3,0,72.06966143
9th,WR,WR,WR,RB,TE,WR,RB,WR,RB,2,1,2,0,72.05994857
4th,RB,WR,RB,TE,WR,RB,RB,WR,QB,0,0,5,0,72.01242857
9th,RB,TE,WR,WR,WR,WR,QB,RB,RB,0,3,2,0,72
9th,WR,WR,WR,TE,RB,RB,QB,RB,TE,0,2,2,1,72
9th,WR,RB,RB,WR,WR,WR,RB,WR,WR,1,1,0,3,71.97962857
9th,RB,RB,WR,TE,RB,WR,WR,WR,RB,1,2,2,0,71.96865
9th,WR,RB,WR,TE,RB,WR,QB,WR,RB,0,3,2,0,71.93268429
9th,WR,WR,RB,TE,WR,RB,QB,RB,WR,0,2,3,0,71.91633571
9th,WR,WR,WR,WR,TE,RB,QB,RB,RB,0,4,1,0,71.9
9th,WR,WR,RB,TE,WR,RB,RB,WR,QB,0,2,3,0,71.89398143
12th,RB,RB,WR,TE,RB,WR,WR,WR,RB,1,2,2,0,71.87855286
12th,WR,TE,RB,WR,WR,RB,WR,RB,QB,0,2,3,0,71.84475571
9th,WR,WR,WR,RB,TE,WR,WR,WR,RB,2,2,1,0,71.83858571
9th,RB,WR,WR,RB,TE,RB,QB,RB,WR,0,1,4,0,71.83182714
12th,RB,TE,WR,WR,WR,RB,WR,RB,QB,0,2,3,0,71.80451857
4th,TE,RB,WR,RB,WR,WR,WR,QB,RB,0,3,2,0,71.8
9th,WR,WR,WR,RB,TE,RB,QB,RB,WR,0,3,2,0,71.78889
4th,WR,WR,WR,RB,TE,RB,WR,QB,WR,0,3,2,0,71.75511143
4th,RB,WR,RB,WR,TE,RB,RB,WR,QB,0,0,5,0,71.73369
9th,WR,RB,WR,TE,RB,WR,QB,RB,WR,0,3,2,0,71.70663429
9th,WR,WR,WR,RB,TE,RB,QB,WR,RB,0,3,2,0,71.7
4th,WR,WR,WR,RB,RB,RB,TE,QB,WR,0,3,1,1,71.7
9th,WR,RB,RB,TE,RB,WR,QB,WR,WR,0,3,2,0,71.7
12th,RB,WR,RB,WR,TE,RB,RB,WR,QB,0,0,5,0,71.65885
9th,WR,WR,WR,TE,RB,RB,QB,WR,RB,0,2,3,0,71.64644143
4th,RB,WR,TE,WR,WR,RB,WR,RB,QB,0,2,3,0,71.63880571
9th,WR,RB,TE,RB,RB,WR,QB,WR,RB,0,1,4,0,71.63648143
9th,WR,RB,TE,WR,WR,RB,WR,RB,QB,0,2,3,0,71.63315143
4th,WR,TE,RB,RB,WR,WR,WR,QB,RB,0,3,2,0,71.5
4th,RB,RB,RB,WR,WR,RB,WR,QB,TE,0,1,4,0,71.5
9th,RB,TE,WR,WR,WR,RB,WR,RB,QB,0,2,3,0,71.48540714
9th,WR,WR,RB,WR,TE,WR,QB,RB,RB,0,2,3,0,71.46849857
9th,WR,WR,WR,TE,RB,RB,QB,RB,WR,0,2,3,0,71.45991143
9th,WR,WR,WR,RB,TE,RB,QB,WR,RB,0,2,3,0,71.41721857
4th,WR,RB,TE,WR,WR,RB,WR,RB,QB,0,2,3,0,71.35675714
4th,WR,WR,RB,TE,WR,RB,RB,WR,QB,0,2,3,0,71.22976
9th,WR,WR,RB,WR,TE,RB,QB,RB,WR,0,2,3,0,71.19336143
9th,WR,WR,RB,WR,TE,RB,RB,WR,QB,0,2,3,0,71.1761
9th,RB,TE,WR,WR,RB,RB,QB,WR,RB,0,2,3,0,71.17379429
4th,WR,WR,RB,WR,TE,RB,RB,WR,QB,0,2,3,0,71.16949714
12th,WR,WR,RB,WR,TE,RB,RB,WR,QB,0,2,3,0,71.13498571
6th,WR,TE,RB,WR,WR,RB,WR,RB,QB,0,2,3,0,71.10344857
9th,WR,WR,RB,WR,TE,RB,QB,WR,WR,0,3,2,0,71.08933714
1st,WR,RB,RB,WR,WR,WR,RB,WR,WR,1,1,0,3,71.07657857
4th,WR,TE,RB,WR,WR,RB,WR,RB,QB,0,2,3,0,71.02020286
4th,RB,WR,TE,WR,RB,RB,WR,QB,RB,0,2,3,0,70.97373286
12th,RB,WR,RB,TE,WR,RB,RB,WR,QB,0,0,5,0,70.95847143
9th,WR,TE,RB,WR,WR,RB,WR,RB,QB,0,2,3,0,70.86436143
9th,RB,TE,WR,RB,RB,WR,QB,WR,RB,0,1,4,0,70.78620429
9th,WR,WR,RB,TE,WR,WR,QB,RB,RB,0,2,3,0,70.75262286
4th,WR,WR,WR,TE,RB,RB,WR,QB,WR,0,3,2,0,70.71118429
4th,WR,WR,WR,TE,WR,RB,RB,QB,WR,0,3,2,0,70.70368286
9th,WR,WR,WR,RB,TE,WR,QB,RB,WR,0,3,2,0,70.66245286
6th,WR,RB,TE,WR,WR,RB,WR,RB,QB,0,2,3,0,70.66084857
9th,WR,WR,WR,WR,WR,TE,RB,RB,QB,0,4,0,1,70.6
9th,TE,WR,RB,WR,RB,WR,QB,WR,RB,0,3,2,0,70.6
9th,WR,WR,WR,RB,TE,WR,QB,WR,RB,0,3,2,0,70.51848714
9th,TE,WR,WR,WR,RB,RB,QB,RB,WR,0,3,2,0,70.4
4th,WR,WR,WR,WR,TE,RB,RB,QB,WR,0,3,2,0,70.37858714
9th,WR,TE,RB,WR,RB,RB,QB,WR,RB,0,2,3,0,70.35540571
9th,WR,TE,RB,RB,RB,WR,QB,WR,RB,0,2,3,0,70.35326
4th,WR,TE,RB,WR,RB,RB,WR,QB,RB,0,2,3,0,70.31115286
4th,RB,RB,RB,RB,RB,RB,RB,RB,RB,1,1,2,1,66.1
9th,RB,RB,RB,RB,RB,RB,RB,RB,RB,1,1,2,1,65.4
12th,RB,RB,RB,RB,RB,RB,RB,RB,RB,1,1,2,1,64.9
1st,RB,RB,RB,RB,RB,RB,RB,RB,RB,1,1,2,1,64.9
6th,RB,RB,RB,RB,RB,RB,RB,RB,RB,1,1,2,1,64.4
